,,,WO-6278-500,,,,,,,WO-6278-500,,,,,,,,,12075.0561,-558.9976657,,,20
,\A1;,,7,,,,,,,7,,,,,,,,,12285.20556,-1481.126459,,,2.053135217
,\A1;,,1,,,,,,,1,,,,,,,,,12295.5536,-1481.126459,,,2.053135217
,\A1;,,6,,,,,,,6,,,,,,,,,12285.20556,-1477.460147,,,2.053135217
,\A1;,,*,,,,,,,*,,,,,,,,,12295.5536,-1477.460147,,,2.053135217
,\A1;,,-,,,,,,,-,,,,,,,,,12285.20556,-1473.793834,,,2.053135217
,\A1;,,-,,,,,,,-,,,,,,,,,12295.5536,-1473.793834,,,2.053135217
,\A1;,,5,,,,,,,5,,,,,,,,,12285.20556,-1470.127521,,,2.053135217
,\A1;,,WE-6751-441,,,,,,,WE-6751-441,,,,,,,,,12295.5536,-1470.127521,,,2.053135217
,\A1;,,1,,,,,,,1,,,,,,,,,12285.20556,-1466.461208,,,2.053135217
,\A1;,,AVR UNIT W/ CPx INPUT AUX SWITCHES,,,,,,,AVR UNIT W/ CPx INPUT AUX SWITCHES,,,,,,,,,12295.5536,-1466.461208,,,2.053135217
,\A1;,,1,,,,,,,1,,,,,,,,,12285.20556,-1462.794895,,,2.053135217
,\A1;,,1,,,,,,,1,,,,,,,,,12295.5536,-1462.794895,,,2.053135217
,\A1;,,*,,,,,,,*,,,,,,,,,12285.20556,-1459.128582,,,2.053135217
,\A1;,,1,,,,,,,1,,,,,,,,,12295.5536,-1459.128582,,,2.053135217
,\A1;,,1,,,,,,,1,,,,,,,,,12285.20556,-1431.126459,,,2.053135217
,\A1;,,1,,,,,,,1,,,,,,,,,12295.5536,-1431.126459,,,2.053135217
,\A1;,,10,,,,,,,10,,,,,,,,,12285.20556,-1427.460147,,,2.053135217
,\A1;,,*,,,,,,,*,,,,,,,,,12295.5536,-1427.460147,,,2.053135217
,\A1;,,9,,,,,,,9,,,,,,,,,12285.20556,-1423.793834,,,2.053135217
,\A1;,,TIP DRESS OPTION (KYOKUTOH),,,,,,,TIP DRESS OPTION (KYOKUTOH),,,,,,,,,12295.5536,-1423.793834,,,2.053135217
,\A1;,,-,,,,,,,-,,,,,,,,,12285.20556,-1420.127521,,,2.053135217
,\A1;,,*,,,,,,,*,,,,,,,,,12295.5536,-1420.127521,,,2.053135217
,\A1;,,8,,,,,,,8,,,,,,,,,12285.20556,-1416.461208,,,2.053135217
,\A1;,,-,,,,,,,-,,,,,,,,,12295.5536,-1416.461208,,,2.053135217
,\A1;,,WE-6751-463,,,,,,,WE-6751-463,,,,,,,,,12285.20556,-1412.794895,,,2.053135217
,\A1;,,WE-6751-451,,,,,,,WE-6751-451,,,,,,,,,12295.5536,-1412.794895,,,2.053135217
,\A1;,,1,,,,,,,1,,,,,,,,,12285.20556,-1409.128582,,,2.053135217
,\A1;,,1,,,,,,,1,,,,,,,,,12295.5536,-1409.128582,,,2.053135217
,\A1;,,-,,,,,,,-,,,,,,,,,12285.20556,-1381.126459,,,2.053135217
,\A1;,,-,,,,,,,-,,,,,,,,,12295.5536,-1381.126459,,,2.053135217
,\A1;,,WE-6751-481,,,,,,,WE-6751-481,,,,,,,,,12285.20556,-1377.460147,,,2.053135217
,\A1;,,1,,,,,,,1,,,,,,,,,12295.5536,-1377.460147,,,2.053135217
,\A1;,,1,,,,,,,1,,,,,,,,,12285.20556,-1373.793834,,,2.053135217
,\A1;,,1,,,,,,,1,,,,,,,,,12295.5536,-1373.793834,,,2.053135217
,\A1;,,1,,,,,,,1,,,,,,,,,12285.20556,-1370.127521,,,2.053135217
,\A1;,,11,,,,,,,11,,,,,,,,,12295.5536,-1370.127521,,,2.053135217
,\A1;,,*,,,,,,,*,,,,,,,,,12285.20556,-1366.461208,,,2.053135217
,\A1;,,DYNAMIC BRAKE & GUN CHANGE BOARD SCHEM,,,,,,,DYNAMIC BRAKE & GUN CHANGE BOARD SCHEM,,,,,,,,,12295.5536,-1366.461208,,,2.053135217
,\A1;,,-,,,,,,,-,,,,,,,,,12285.20556,-1362.794895,,,2.053135217
,\A1;,,D-NET I/O SINGLE WATER SAVER,,,,,,,D-NET I/O SINGLE WATER SAVER,,,,,,,,,12295.5536,-1362.794895,,,2.053135217
,\A1;,,1,,,,,,,1,,,,,,,,,12285.20556,-1359.128582,,,2.053135217
,\A1;,,*,,,,,,,*,,,,,,,,,12295.5536,-1359.128582,,,2.053135217
,\A1;,,WE-6751-435,,,,,,,WE-6751-435,,,,,,,,,12285.20556,-1331.126459,,,2.053135217
,\A1;,,WATER CIRCUIT DIAGRAM,,,,,,,WATER CIRCUIT DIAGRAM,,,,,,,,,12295.5536,-1331.126459,,,2.053135217
,\A1;,,SAFETY I/O (PILZ),,,,,,,SAFETY I/O (PILZ),,,,,,,,,12285.20556,-1327.460147,,,2.053135217
,\A1;,,1,,,,,,,1,,,,,,,,,12295.5536,-1327.460147,,,2.053135217
,\A1;,,WE-6751-421,,,,,,,WE-6751-421,,,,,,,,,12285.20556,-1323.793834,,,2.053135217
,\A1;,,1,,,,,,,1,,,,,,,,,12295.5536,-1323.793834,,,2.053135217
,\A1;,,WE-6751-411,,,,,,,WE-6751-411,,,,,,,,,12285.20556,-1320.127521,,,2.053135217
,\A1;,,-,,,,,,,-,,,,,,,,,12295.5536,-1320.127521,,,2.053135217
,\A1;,,PROCESS I/O COMMUNICATION DNET(PLC),,,,,,,PROCESS I/O COMMUNICATION DNET(PLC),,,,,,,,,12285.20556,-1316.461208,,,2.053135217
,\A1;,,WO-6278-280,,,,,,,WO-6278-280,,,,,,,,,12295.5536,-1316.461208,,,2.053135217
,\A1;,,WE-6751-402,,,,,,,WE-6751-402,,,,,,,,,12285.20556,-1312.794895,,,2.053135217
,\A1;,,WO-6278-292,,,,,,,WO-6278-292,,,,,,,,,12295.5536,-1312.794895,,,2.053135217
,\A1;,,WA-6751-202,,,,,,,WA-6751-202,,,,,,,,,12285.20556,-1309.128582,,,2.053135217
,\A1;,,*,,,,,,,*,,,,,,,,,12295.5536,-1309.128582,,,2.053135217
,\A1;,,1,,,,,,,1,,,,,,,,,16851.11547,-253.1142919,,,2.053135217
,\A1;,,1,,,,,,,1,,,,,,,,,16861.46351,-253.1142919,,,2.053135217
,\A1;,,xx#,,,,,,,xx#,,,,,,,,,16851.11547,-249.447979,,,2.053135217
,\A1;,,1,,,,,,,1,,,,,,,,,16861.46351,-249.447979,,,2.053135217
,\A1;,,1001,,,,,,,1001,,,,,,,,,16851.11547,-245.7816662,,,2.053135217
,\A1;,,WO-5426-290,,,,,,,WO-5426-290,,,,,,,,,16861.46351,-245.7816662,,,2.053135217
,\A1;,,1,,,,,,,1,,,,,,,,,16851.11547,-242.1153533,,,2.053135217
,\A1;,,J6 AXIS INSULATION KIT ASS.,,,,,,,J6 AXIS INSULATION KIT ASS.,,,,,,,,,16861.46351,-242.1153533,,,2.053135217
,\A1;,,1,,,,,,,1,,,,,,,,,16851.11547,-238.4490404,,,2.053135217
,\A1;,,-,,,,,,,-,,,,,,,,,16861.46351,-238.4490404,,,2.053135217
,\A1;,,-,,,,,,,-,,,,,,,,,16851.11547,-234.7827275,,,2.053135217
,\A1;,,3,,,,,,,3,,,,,,,,,16861.46351,-234.7827275,,,2.053135217
,\A1;,,SEE THIS SHT. FOR SPARE PARTS LIST,,,,,,,SEE THIS SHT. FOR SPARE PARTS LIST,,,,,,,,,16851.11547,-231.1164146,,,2.053135217
,\A1;,,1,,,,,,,1,,,,,,,,,16861.46351,-231.1164146,,,2.053135217
,\A1;,,16,,,,,,,16,,,,,,,,,16851.11547,-203.1142919,,,2.053135217
,\A1;,,1,,,,,,,1,,,,,,,,,16861.46351,-203.1142919,,,2.053135217
,\A1;,,1,,,,,,,1,,,,,,,,,16851.11547,-199.447979,,,2.053135217
,\A1;,,-,,,,,,,-,,,,,,,,,16861.46351,-199.447979,,,2.053135217
,\A1;,,-,,,,,,,-,,,,,,,,,16851.11547,-195.7816662,,,2.053135217
,\A1;,,12,,,,,,,12,,,,,,,,,16861.46351,-195.7816662,,,2.053135217
,\A1;,,WO-6278-290,,,,,,,WO-6278-290,,,,,,,,,16851.11547,-192.1153533,,,2.053135217
,\A1;,,1,,,,,,,1,,,,,,,,,16861.46351,-192.1153533,,,2.053135217
,\A1;,,J6 AXIS 31mm HOSE CLAMP,,,,,,,J6 AXIS 31mm HOSE CLAMP,,,,,,,,,16851.11547,-188.4490404,,,2.053135217
,\A1;,,1,,,,,,,1,,,,,,,,,16861.46351,-188.4490404,,,2.053135217
,\A1;,,14,,,,,,,14,,,,,,,,,16851.11547,-184.7827275,,,2.053135217
,\A1;,,-,,,,,,,-,,,,,,,,,16861.46351,-184.7827275,,,2.053135217
,\A1;,,13,,,,,,,13,,,,,,,,,16851.11547,-181.1164146,,,2.053135217
,\A1;,,4,,,,,,,4,,,,,,,,,16861.46351,-181.1164146,,,2.053135217
,\A1;,,15,,,,,,,15,,,,,,,,,16851.11547,-153.1142919,,,2.053135217
,\A1;,,20,,,,,,,20,,,,,,,,,16861.46351,-153.1142919,,,2.053135217
,\A1;,,1,,,,,,,1,,,,,,,,,16851.11547,-149.447979,,,2.053135217
,\A1;,,-,,,,,,,-,,,,,,,,,16861.46351,-149.447979,,,2.053135217
,\A1;,,-,,,,,,,-,,,,,,,,,16851.11547,-145.7816662,,,2.053135217
,\A1;,,1,,,,,,,1,,,,,,,,,16861.46351,-145.7816662,,,2.053135217
,\A1;,,19,,,,,,,19,,,,,,,,,16851.11547,-142.1153533,,,2.053135217
,\A1;,,1,,,,,,,1,,,,,,,,,16861.46351,-142.1153533,,,2.053135217
,\A1;,,-,,,,,,,-,,,,,,,,,16851.11547,-138.4490404,,,2.053135217
,\A1;,,1,,,,,,,1,,,,,,,,,16861.46351,-138.4490404,,,2.053135217
,\A1;,,18,,,,,,,18,,,,,,,,,16851.11547,-134.7827275,,,2.053135217
,\A1;,,1,,,,,,,1,,,,,,,,,16861.46351,-134.7827275,,,2.053135217
,\A1;,,1,,,,,,,1,,,,,,,,,16851.11547,-131.1164146,,,2.053135217
,\A1;,,17,,,,,,,17,,,,,,,,,16861.46351,-131.1164146,,,2.053135217
,\A1;,,1,,,,,,,1,,,,,,,,,16851.11547,-103.1142919,,,2.053135217
,\A1;,,1,,,,,,,1,,,,,,,,,16861.46351,-103.1142919,,,2.053135217
,\A1;,,1,,,,,,,1,,,,,,,,,16851.11547,-99.44797905,,,2.053135217
,\A1;,,1,,,,,,,1,,,,,,,,,16861.46351,-99.44797905,,,2.053135217
,\A1;,,-,,,,,,,-,,,,,,,,,16851.11547,-95.78166616,,,2.053135217
,\A1;,,-,,,,,,,-,,,,,,,,,16861.46351,-95.78166616,,,2.053135217
,\A1;,,WO-6751-400,,,,,,,WO-6751-400,,,,,,,,,16851.11547,-92.11535328,,,2.053135217
,\A1;,,1,,,,,,,1,,,,,,,,,16861.46351,-92.11535328,,,2.053135217
,\A1;,,J3 AXIS DRESS PLATE ASM.,,,,,,,J3 AXIS DRESS PLATE ASM.,,,,,,,,,16851.11547,-88.44904039,,,2.053135217
,\A1;,,1,,,,,,,1,,,,,,,,,16861.46351,-88.44904039,,,2.053135217
,\A1;,,*,,,,,,,*,,,,,,,,,16851.11547,-84.7827275,,,2.053135217
,\A1;,,*,,,,,,,*,,,,,,,,,16861.46351,-84.7827275,,,2.053135217
,\A1;,,-,,,,,,,-,,,,,,,,,16851.11547,-81.11641461,,,2.053135217
,\A1;,,*,,,,,,,*,,,,,,,,,16861.46351,-81.11641461,,,2.053135217
The controlled version of this document is electronically maintained. Hard copies are considered uncontrolled. Holders are responsible for verifying the revision level prior to use.,\A1;,The controlled version of this document is electronically maintained. Hard copies are considered uncontrolled. Holders are responsible for verifying the revision level prior to use.,*,,,,,,,*,,,,,,,The controlled version of this document is electronically maintained. Hard copies are considered uncontrolled. Holders are responsible for verifying the revision level prior to use.,,3295.181441,38.14645449,,,31.75000102
*,\A1;,*,NOT SHOWN,,,,,,,NOT SHOWN,,,,,,,*,,4309.986548,118.5525163,,,63.5
NOT SHOWN,\A1;,NOT SHOWN,*,,,,,,,*,,,,,,,NOT SHOWN,,4381.244403,134.1219851,,,63.5
DET,\A1;,DET,DATE,,,,,,,DATE,,,,,,,DET,,7221.014693,686.0205704,,,30.8329127
SHT,\A1;,SHT,BY,,,,,,,BY,,,,,,,SHT,,7393.899239,686.0205704,,,30.8329127
S.P.,\A1;,S.P.,THE CONTROLLED VERSION OF THIS DOCUMENT IS ELECTRONICALLY MAINTAINED.,,,,,,,THE CONTROLLED VERSION OF THIS DOCUMENT IS ELECTRONICALLY MAINTAINED.,,,,,,,S.P.,,7478.689749,686.0205704,,,30.8329127
WT.,\A1;,WT.,,,,,,,,,,,,,,,WT.,,7589.357882,686.0205704,,,30.8329127
DESCRIPTION,\A1;,DESCRIPTION,,,,,,,,,,,,,,,DESCRIPTION,,7845.381175,686.0205704,,,30.8329127
PART NO.,\A1;,PART NO.,,,,,,,,,,,,,,,PART NO.,,8288.121675,686.0205704,,,30.8329127
QTY,\A1;,QTY,REV,,,,,,,REV,,,,,,,QTY,,7310.209905,687.4888044,,,30.8329127
*,\A1;,*,,,,,,,,,,,,,,,*,,7164.71492,746.9528198,,,31.75
1,\A1;,1,DESCRIPTION,,,,,,,DESCRIPTION,,,,,,,1,,7244.139378,751.5405099,,,30.8329127
1,\A1;,1,,,,,,,,,,,,,,,1,,7332.784002,751.5405099,,,30.8329127
1,\A1;,1,,,,,,,,,,,,,,,1,,7417.574512,751.5405099,,,30.8329127
-,\A1;,-,,,,,,,,,,,,,,,-,,7601.803152,751.5405099,,,30.8329127
WATER CIRCUIT DIAGRAM,\A1;,WATER CIRCUIT DIAGRAM,,,,,,,,,,,,,,,WATER CIRCUIT DIAGRAM,,7692.868375,751.5405099,,,30.8329127
WA-6751-202,\A1;,WA-6751-202,,,,,,,,,,,,,,,WA-6751-202,,8247.860804,751.5405099,,,30.8329127
*,\A1;,*,The controlled version of this document is electronically maintained. Hard copies are considered uncontrolled. Holders are responsible for verifying the revision level prior to use.,,,,,,,The controlled version of this document is electronically maintained. Hard copies are considered uncontrolled. Holders are responsible for verifying the revision level prior to use.,,,,,,,*,,7164.71492,808.6186452,,,31.75
2,\A1;,2,,,,,,,,,,,,,,,2,,7242.487615,813.2063353,,,30.8329127
1,\A1;,1,FOR VERIFYING THE REVISION LEVEL WITH BSG ENGINEERING PRIOR TO USE.,,,,,,,FOR VERIFYING THE REVISION LEVEL WITH BSG ENGINEERING PRIOR TO USE.,,,,,,,1,,7332.784002,813.2063353,,,30.8329127
1,\A1;,1,HARD COPIES ARE CONSIDERED UNCONTROLLED.  HOLDERS ARE RESPONSIBLE,,,,,,,HARD COPIES ARE CONSIDERED UNCONTROLLED.  HOLDERS ARE RESPONSIBLE,,,,,,,1,,7417.574512,813.2063353,,,30.8329127
-,\A1;,-,,,,,,,,,,,,,,,-,,7601.803152,813.2063353,,,30.8329127
R30iA CONTROLLER TYPE (MEZZ),\A1;,R30iA CONTROLLER TYPE (MEZZ),,,,,,,,start at Y = 1923 and stop at 752 for searching Leoni dressout part#s,,,,,,,R30iA CONTROLLER TYPE (MEZZ),,7692.868375,813.2063353,,,30.8329127
WE-6751-402,\A1;,WE-6751-402,,,,,,,,,,,,,,,WE-6751-402,,8247.860804,813.2063353,,,30.8329127
*,\A1;,*,,,,,,,,,,,,,,,*,,7164.71492,870.2844706,,,31.75
3,\A1;,3,,,,,,,,,,,,,,,3,,7242.487615,874.8721607,,,30.8329127
1,\A1;,1,,,,,,,,,,,,,,,1,,7332.784002,874.8721607,,,30.8329127
1,\A1;,1,,,,,,,,,,,,,,,1,,7417.574512,874.8721607,,,30.8329127
-,\A1;,-,,,,,,,,,,,,,,,-,,7601.803152,874.8721607,,,30.8329127
PROCESS I/O COMMUNICATION DNET(PLC),\A1;,PROCESS I/O COMMUNICATION DNET(PLC),,,,,,,,,,,,,,,PROCESS I/O COMMUNICATION DNET(PLC),,7692.868375,874.8721607,,,30.8329127
WE-6751-411,\A1;,WE-6751-411,,,,,,,,,,,,,,,WE-6751-411,,8247.860804,874.8721607,,,30.8329127
*,\A1;,*,,,,,,,,,,,,,,,*,,7164.71492,931.950296,,,31.75
4,\A1;,4,,,,,,,,,,,,,,,4,,7241.937027,936.5379862,,,30.8329127
1,\A1;,1,,,,,,,,,,,,,,,1,,7332.784002,936.5379862,,,30.8329127
1,\A1;,1,,,,,,,,,,,,,,,1,,7417.574512,936.5379862,,,30.8329127
-,\A1;,-,,,,,,,,,,,,,,,-,,7601.803152,936.5379862,,,30.8329127
ROBOT LOCAL I/O DEVICENET-DUAL CH CARD,\A1;,ROBOT LOCAL I/O DEVICENET-DUAL CH CARD,,,,,,,,X = 7692 = Leoni Dressout Part#s Description,,,,,,,ROBOT LOCAL I/O DEVICENET-DUAL CH CARD,,7692.868375,936.5379862,,,30.8329127
WE-6751-421,\A1;,WE-6751-421,,,,,,,,,,,,,,,WE-6751-421,,8247.860804,936.5379862,,,30.8329127
*,\A1;,*,,,,,,,,,,,,,,,*,,7164.71492,993.6161214,,,31.75
5,\A1;,5,,,,,,,,,,,,,,,5,,7242.487615,998.2038116,,,30.8329127
1,\A1;,1,,,,,,,,,,,,,,,1,,7332.784002,998.2038116,,,30.8329127
1,\A1;,1,,,,,,,,,,,,,,,1,,7417.574512,998.2038116,,,30.8329127
-,\A1;,-,,,,,,,,,,,,,,,-,,7601.803152,998.2038116,,,30.8329127
SAFETY I/O (PILZ),\A1;,SAFETY I/O (PILZ),,,,,,,,start at Y = 4213 and stop at 7812 for searching for umbilical description,,,,,,,SAFETY I/O (PILZ),,7692.868375,998.2038116,,,30.8329127
WE-6751-435,\A1;,WE-6751-435,,,,,,,,X = 7814 = umbilical part description,,,,,,,WE-6751-435,,8247.860804,998.2038116,,,30.8329127
*,\A1;,*,,,,,,,,,,,,,,,*,,7164.71492,1055.281947,,,31.75
6,\A1;,6,,,,,,,,,,,,,,,6,,7241.937027,1059.869637,,,30.8329127
1,\A1;,1,,,,,,,,,,,,,,,1,,7332.784002,1059.869637,,,30.8329127
1,\A1;,1,,,,,,,,,,,,,,,1,,7417.574512,1059.869637,,,30.8329127
-,\A1;,-,,,,,,,,,,,,,,,-,,7601.803152,1059.869637,,,30.8329127
AVR UNIT W/ CPx INPUT AUX SWITCHES,\A1;,AVR UNIT W/ CPx INPUT AUX SWITCHES,,,,,,,,,,,,,,,AVR UNIT W/ CPx INPUT AUX SWITCHES,,7692.868375,1059.869637,,,30.8329127
WE-6751-441,\A1;,WE-6751-441,,,,,,,,,,,,,,,WE-6751-441,,8247.860804,1059.869637,,,30.8329127
*,\A1;,*,,,,,,,,,,,,,,,*,,7164.71492,1116.947772,,,31.75
7,\A1;,7,,,,,,,,,,,,,,,7,,7242.487615,1121.535462,,,30.8329127
1,\A1;,1,,,,,,,,,,,,,,,1,,7332.784002,1121.535462,,,30.8329127
1,\A1;,1,,,,,,,,,,,,,,,1,,7417.574512,1121.535462,,,30.8329127
-,\A1;,-,,,,,,,,,,,,,,,-,,7601.803152,1121.535462,,,30.8329127
TIP DRESS OPTION (KYOKUTOH),\A1;,TIP DRESS OPTION (KYOKUTOH),,,,,,,,,,,,,,,TIP DRESS OPTION (KYOKUTOH),,7692.868375,1121.535462,,,30.8329127
WE-6751-451,\A1;,WE-6751-451,,,,,,,,,,,,,,,WE-6751-451,,8247.860804,1121.535462,,,30.8329127
*,\A1;,*,,,,,,,,,,,,,,,*,,7164.71492,1178.613598,,,31.75
8,\A1;,8,,,,,,,,,,,,,,,8,,7242.487615,1183.201288,,,30.8329127
1,\A1;,1,,,,,,,,,,,,,,,1,,7332.784002,1183.201288,,,30.8329127
1,\A1;,1,,,,,,,,,,,,,,,1,,7417.574512,1183.201288,,,30.8329127
-,\A1;,-,,,,,,,,,,,,,,,-,,7601.803152,1183.201288,,,30.8329127
D-NET I/O SINGLE WATER SAVER,\A1;,D-NET I/O SINGLE WATER SAVER,,,,,,,,,,,,,,,D-NET I/O SINGLE WATER SAVER,,7692.868375,1183.201288,,,30.8329127
WE-6751-463,\A1;,WE-6751-463,,,,,,,,,,,,,,,WE-6751-463,,8247.860804,1183.201288,,,30.8329127
*,\A1;,*,,,,,,,,,,,,,,,*,,7164.71492,1240.279423,,,31.75
9,\A1;,9,,,,,,,,,,,,,,,9,,7243.038202,1244.867113,,,30.8329127
1,\A1;,1,,,,,,,,,,,,,,,1,,7332.784002,1244.867113,,,30.8329127
1,\A1;,1,,,,,,,,,,,,,,,1,,7417.574512,1244.867113,,,30.8329127
-,\A1;,-,,,,,,,,,,,,,,,-,,7601.803152,1244.867113,,,30.8329127
WELD PRIM CABLE EXTENSION AT WELD GUN,\A1;,WELD PRIM CABLE EXTENSION AT WELD GUN,,,,,,,,,,,,,,,WELD PRIM CABLE EXTENSION AT WELD GUN,,7692.868375,1244.867113,,,30.8329127
WE-6751-471,\A1;,WE-6751-471,,,,,,,,,,,,,,,WE-6751-471,,8247.860804,1244.867113,,,30.8329127
*,\A1;,*,,,,,,,,,,,,,,,*,,7164.71492,1301.945248,,,31.75
10,\A1;,10,,,,,,,,,,,,,,,10,,7229.824097,1306.532939,,,30.8329127
1,\A1;,1,,,,,,,,,,,,,,,1,,7332.784002,1306.532939,,,30.8329127
1,\A1;,1,,,,,,,,,,,,,,,1,,7417.574512,1306.532939,,,30.8329127
-,\A1;,-,,,,,,,,,,,,,,,-,,7601.803152,1306.532939,,,30.8329127
DYNAMIC BRAKE & GUN CHANGE BOARD SCHEM,\A1;,DYNAMIC BRAKE & GUN CHANGE BOARD SCHEM,,,,,,,,,,,,,,,DYNAMIC BRAKE & GUN CHANGE BOARD SCHEM,,7692.868375,1306.532939,,,30.8329127
WE-6751-481,\A1;,WE-6751-481,,,,,,,,,,,,,,,WE-6751-481,,8247.860804,1306.532939,,,30.8329127
*,\A1;,*,,,,,,,,,,,,,,,*,,7164.71492,1363.611074,,,31.75
11,\A1;,11,,,,,,,,,,,,,,,11,,7233.127623,1368.198764,,,30.8329127
1,\A1;,1,,,,,,,,,,,,,,,1,,7332.784002,1368.198764,,,30.8329127
1,\A1;,1,,,,,,,,,,,,,,,1,,7417.574512,1368.198764,,,30.8329127
-,\A1;,-,,,,,,,,,,,,,,,-,,7601.803152,1368.198764,,,30.8329127
SG1 CARRIED (R2000),\A1;,SG1 CARRIED (R2000),,,,,,,,,,,,,,,SG1 CARRIED (R2000),,7692.868375,1368.198764,,,30.8329127
WE-6751-501R2K,\A1;,WE-6751-501R2K,,,,,,,,7332-7333 = X position for quantity,,,,,,,WE-6751-501R2K,,8247.860804,1368.198764,,,30.8329127
1,\A1;,1,,,,,,,,,,,,,,,1,,7332.784002,1429.537214,,,30.8329127
1,\A1;,1,,,,,,,,,,,,,,,1,,7417.574512,1429.537214,,,30.8329127
-,\A1;,-,,,,,,,,,,,,,,,-,,7601.803152,1429.537214,,,30.8329127
WO-6278-280,\A1;,WO-6278-280,,,,,,,,,,,,,,,WO-6278-280,,8247.860804,1429.537214,,,30.8329127
12,\A1;,12,,,,,,,,,,,,,,,12,,7229.824097,1429.864589,,,30.8329127
J6 AXIS DRESSOUT BRKTS + ATC AIRGUN BRKT,\A1;,J6 AXIS DRESSOUT BRKTS + ATC AIRGUN BRKT,,,,,,,,,,,,,,,J6 AXIS DRESSOUT BRKTS + ATC AIRGUN BRKT,,7692.868375,1429.864589,,,30.8329127
1,\A1;,1,,,,,,,,,,,,,,,1,,1086.948421,1450.667851,,,39.6875
13,\A1;,13,,,,,,,,,,,,,,,13,,7229.824097,1491.530415,,,30.8329127
1,\A1;,1,,,,,,,,,,,,,,,1,,7332.784002,1491.530415,,,30.8329127
1,\A1;,1,,,,,,,,,,,,,,,1,,7417.574512,1491.530415,,,30.8329127
-,\A1;,-,,,,,,,,,,,,,,,-,,7601.803152,1491.530415,,,30.8329127
J6 AXIS 31mm HOSE CLAMP,\A1;,J6 AXIS 31mm HOSE CLAMP,,,,,,,,,,,,,,,J6 AXIS 31mm HOSE CLAMP,,7692.868375,1491.530415,,,30.8329127
WO-6278-290,\A1;,WO-6278-290,,,,,,,,,,,,,,,WO-6278-290,,8247.860804,1491.530415,,,30.8329127
16,\A1;,16,,,,,,,,,,,,,,,16,,1068.522082,1514.167851,,,39.6875
WO-6278-292,\A1;,WO-6278-292,,,,,,,,,,,,,,,WO-6278-292,,8247.860804,1552.868865,,,30.8329127
14,\A1;,14,,,,,,,,,,,,,,,14,,7229.273509,1553.19624,,,30.8329127
1,\A1;,1,,,,,,,,,,,,,,,1,,7332.784002,1553.19624,,,30.8329127
1,\A1;,1,,,,,,,,,,,,,,,1,,7417.574512,1553.19624,,,30.8329127
-,\A1;,-,,,,,,,,,,,,,,,-,,7601.803152,1553.19624,,,30.8329127
J6 AXIS REVERSE L BRKT,\A1;,J6 AXIS REVERSE L BRKT,,,,,,,,,,,,,,,J6 AXIS REVERSE L BRKT,,7692.868375,1553.19624,,,30.8329127
15,\A1;,15,,,,,,,,,,,,,,,15,,7229.824097,1614.862066,,,30.8329127
1,\A1;,1,,,,,,,,,,,,,,,1,,7332.784002,1614.862066,,,30.8329127
1,\A1;,1,,,,,,,,,,,,,,,1,,7417.574512,1614.862066,,,30.8329127
-,\A1;,-,,,,,,,,,,,,,,,-,,7601.803152,1614.862066,,,30.8329127
J6 AXIS INSULATION KIT ASS.,\A1;,J6 AXIS INSULATION KIT ASS.,,,,,,,,,,,,,,,J6 AXIS INSULATION KIT ASS.,,7692.868375,1614.862066,,,30.8329127
WO-5426-290,\A1;,WO-5426-290,,,,,,,,,,,,,,,WO-5426-290,,8247.860804,1614.862066,,,30.8329127
16,\A1;,16,,,,,,,,,,,,,,,16,,7229.824097,1676.527891,,,30.8329127
1,\A1;,1,,,,,,,,,,,,,,,1,,7332.784002,1676.527891,,,30.8329127
1,\A1;,1,,,,,,,,,,,,,,,1,,7417.574512,1676.527891,,,30.8329127
-,\A1;,-,,,,,,,,,,,,,,,-,,7601.803152,1676.527891,,,30.8329127
INTEGRATED ROCON WATER SAVER,\A1;,INTEGRATED ROCON WATER SAVER,,,,,,,,,,,,,,,INTEGRATED ROCON WATER SAVER,,7692.868375,1676.527891,,,30.8329127
WO-6751-407,\A1;,WO-6751-407,,,,,,,,,,,,,,,WO-6751-407,,8247.860804,1676.527891,,,30.8329127
17,\A1;,17,,,,,,,,,,,,,,,17,,7229.824097,1738.193716,,,30.8329127
1,\A1;,1,,,,,,,,,,,,,,,1,,7332.784002,1738.193716,,,30.8329127
1,\A1;,1,,,,,,,,,,,,,,,1,,7417.574512,1738.193716,,,30.8329127
-,\A1;,-,,,,,,,,,,,,,,,-,,7601.803152,1738.193716,,,30.8329127
J3 AXIS DRESS PLATE ASM.,\A1;,J3 AXIS DRESS PLATE ASM.,,,,,,,,,,,,,,,J3 AXIS DRESS PLATE ASM.,,7692.868375,1738.193716,,,30.8329127
WO-6751-400,\A1;,WO-6751-400,,,,,,,,,,,,,,,WO-6751-400,,8247.860804,1738.193716,,,30.8329127
18,\A1;,18,,,,,,,,,,,,,,,18,,7229.824097,1799.859542,,,30.8329127
1,\A1;,1,,,,,,,,,,,,,,,1,,7332.784002,1799.859542,,,30.8329127
1,\A1;,1,,,,,,,,,,,,,,,1,,7417.574512,1799.859542,,,30.8329127
-,\A1;,-,,,,,,,,,,,,,,,-,,7601.803152,1799.859542,,,30.8329127
WELD CONTROLLER BRACKET,\A1;,WELD CONTROLLER BRACKET,,,,,,,,,,,,,,,WELD CONTROLLER BRACKET,,7692.868375,1799.859542,,,30.8329127
WO-6278-500,\A1;,WO-6278-500,,,,,,,,,,,,,,,WO-6278-500,,8247.860804,1799.859542,,,30.8329127
,\A1;,,WT.,,,,,,,WT.,,,,,,,,,-1630.84027,1838.815744,,,7.9375
19,\A1;,19,,,,,,,,,,,,,,,19,,7230.374685,1861.525367,,,30.8329127
1,\A1;,1,,,,,,,,,,,,,,,1,,7332.784002,1861.525367,,,30.8329127
1,\A1;,1,,,,,,,,,,,,,,,1,,7417.574512,1861.525367,,,30.8329127
-,\A1;,-,,,,,,,,,,,,,,,-,,7601.803152,1861.525367,,,30.8329127
DUAL REMOTE OP BOX STAND,\A1;,DUAL REMOTE OP BOX STAND,,,,,,,,,,,,,,,DUAL REMOTE OP BOX STAND,,7692.868375,1861.525367,,,30.8329127
WO-5215-504,\A1;,WO-5215-504,,,,,,,,,,,,,,,WO-5215-504,,8247.860804,1861.525367,,,30.8329127
*,\A1;,*,,,,,,,,,,,,,,,*,,7170.976332,1915.086065,,,31.75
20,\A1;,20,,,,,,,,,,,,,,,20,,7231.47586,1923.191193,,,30.8329127
1,\A1;,1,,,,,,,,,,,,,,,1,,7332.784002,1923.191193,,,30.8329127
1,\A1;,1,,,,,,,,,,,,,,,1,,7417.574512,1923.191193,,,30.8329127
-,\A1;,-,,,,,,,,,,,,,,,-,,7601.803152,1923.191193,,,30.8329127
ROBOT STENCIL DATA,\A1;,ROBOT STENCIL DATA,,,,,,,,,,,,,,,ROBOT STENCIL DATA,,7692.868375,1923.191193,,,30.8329127
WO-6278-200,\A1;,WO-6278-200,,,,,,,,,,,,,,,WO-6278-200,,8247.860804,1923.191193,,,30.8329127
FANUC #HONAS13R2K165FA,\A1;,FANUC #HONAS13R2K165FA,,,,,,,,,,,,,,,FANUC #HONAS13R2K165FA,,7690.853929,2291.171699,,,30.8329127
LEONI #FRAHONAS13-R2K-165F-A,\A1;,LEONI #FRAHONAS13-R2K-165F-A,,,,,,,,,,,,,,,LEONI #FRAHONAS13-R2K-165F-A,,7690.853929,2350.333316,,,30.8329127
SEE THIS SHT. FOR SPARE PARTS LIST,\A1;,SEE THIS SHT. FOR SPARE PARTS LIST,,,,,,,,,,,,,,,SEE THIS SHT. FOR SPARE PARTS LIST,,7690.853929,2412.271702,,,30.8329127
LEONI-EPS DRESSOUT PACKAGE,\A1;,LEONI-EPS DRESSOUT PACKAGE,,,,,,,,,,,,,,,LEONI-EPS DRESSOUT PACKAGE,,7690.853929,2474.210102,,,30.8329127
1001,\A1;,1001,,,,,,,,,,,,,,,1001,,7211.104114,2478.183621,,,30.8329127
1,\A1;,1,,,,,,,,,,,,,,,1,,7332.784002,2478.183621,,,30.8329127
1,\A1;,1,,,,,,,,,,,,,,,1,,7417.574512,2478.183621,,,30.8329127
xx#,\A1;,xx#,,,,,,,,,,,,,,,xx#,,7585.836108,2478.183621,,,30.8329127
1,\A1;,1,,,,,,,,,,,,,,,1,,7020.484474,2510.726297,,,39.6875
1,\A1;,1,,,,,,,,,,,,,,,1,,2748.287666,2518.65417,,,39.6875
18,\A1;,18,,,,,,,,,,,,,,,18,,7002.058135,2574.226297,,,39.6875
17,\A1;,17,,,,,,,,,,,,,,,17,,2729.861327,2582.15417,,,39.6875
B00796-09-02 (Fanuc R2000iB 210F),\A1;,B00796-09-02 (Fanuc R2000iB 210F),,,,,,,,,,,,,,,B00796-09-02 (Fanuc R2000iB 210F),,7812.120225,2612.045867,,,23.79997145
B00796-09-01 (Fanuc R2000iB 165F),\A1;,B00796-09-01 (Fanuc R2000iB 165F),,,,,,,,,,,,,,,B00796-09-01 (Fanuc R2000iB 165F),,7812.120225,2651.040036,,,23.79997145
J4 Protection Ring,\A1;,J4 Protection Ring,,,,,,,,,,,,,,,J4 Protection Ring,,7814.383157,2694.026774,,,23.79997145
B00796-09-XX ,\A1;,B00796-09-XX ,,,,,,,,,,,,,,,B00796-09-XX ,,7438.832138,2694.299986,,,23.79997145
E,\A1;,E,,,,,,,,,,,,,,,E,,7246.790643,2695.945506,,,23.79997145
1,\A1;,1,,,,,,,,,,,,,,,1,,7323.605845,2695.945506,,,23.79997145
D,\A1;,D,,,,,,,,,,,,,,,D,,7246.33731,2736.97994,,,23.79997145
1,\A1;,1,,,,,,,,,,,,,,,1,,7323.605845,2736.97994,,,23.79997145
NR380000022,\A1;,NR380000022,,,,,,,,,,,,,,,NR380000022,,7439.950088,2736.97994,,,23.79997145
Swivel Plate,\A1;,Swivel Plate,,,,,,,,,,,,,,,Swivel Plate,,7814.13726,2736.97994,,,23.79997145
C,\A1;,C,,,,,,,,,,,,,,,C,,7245.883978,2778.014374,,,23.79997145
1,\A1;,1,,,,,,,,,,,,,,,1,,7323.605845,2778.014374,,,23.79997145
LEPS 1385,\A1;,LEPS 1385,,,,,,,,,,,,,,,LEPS 1385,,7439.950088,2778.014374,,,23.79997145
Spacer,\A1;,Spacer,,,,,,,,,,,,,,,Spacer,,7814.13726,2778.014374,,,23.79997145
B,\A1;,B,,,,,,,,,,,,,,,B,,7246.33731,2819.048807,,,23.79997145
2,\A1;,2,,,,,,,,,,,,,,,2,,7319.52585,2819.048807,,,23.79997145
B00761-00-18,\A1;,B00761-00-18,,,,,,,,,,,,,,,B00761-00-18,,7439.950088,2819.048807,,,23.79997145
Clamp Bracket,\A1;,Clamp Bracket,,,,,,,,,,,,,,,Clamp Bracket,,7814.13726,2819.048807,,,23.79997145
FR 8X12 GY,\A1;,FR 8X12 GY,,,,,,,,,,,,,,,FR 8X12 GY,,7439.949632,3106.2907,,,23.79936592
(2) FR 8x12 Hose - Gray L= 5.25M,\A1;,(2) FR 8x12 Hose - Gray L= 5.25M,,,,,,,,,,,,,,,(2) FR 8x12 Hose - Gray L= 5.25M,,7814.136804,3106.292788,,,23.79936592
FR 8X12 BL,\A1;,FR 8X12 BL,,,,,,,,,,,,,,,FR 8X12 BL,,7439.949632,3147.325134,,,23.79936592
(2) FR 8x12 Hose - Blue L= 5.25M,\A1;,(2) FR 8x12 Hose - Blue L= 5.25M,,,,,,,,,,,,,,,(2) FR 8x12 Hose - Blue L= 5.25M,,7812.194863,3147.326164,,,23.79936592
connector,\A1;,connector,,,,,,,,,,,,,,,connector,,7814.13726,3249.541868,,,23.79997145
#80203-M060,\A1;,#80203-M060,,,,,,,,,,,,,,,#80203-M060,,7439.949632,3253.130367,,,23.79936592
(1) Transformer OT Cable - 5 Pin Micro,\A1;,(1) Transformer OT Cable - 5 Pin Micro,,,,,,,,,,,,,,,(1) Transformer OT Cable - 5 Pin Micro,,7814.13726,3290.576301,,,23.79997145
Brad Harrison,\A1;,Brad Harrison,,,,,,,,,,,,,,,Brad Harrison,,7439.949632,3290.57716,,,23.79936592
FANUC# WE-6278-216-050,\A1;,FANUC# WE-6278-216-050,,,,,,,,,,,,,,,FANUC# WE-6278-216-050,,7439.949632,3331.611593,,,23.79936592
(1) CHC2 Cable - w/ 4 Pin Micro connectors,\A1;,(1) CHC2 Cable - w/ 4 Pin Micro connectors,,,,,,,,,,,,,,,(1) CHC2 Cable - w/ 4 Pin Micro connectors,,7814.13726,3372.645169,,,23.79997145
Leoni# 3.548.047M.3005B,\A1;,Leoni# 3.548.047M.3005B,,,,,,,,,,,,,,,Leoni# 3.548.047M.3005B,,7439.949632,3372.646027,,,23.79936592
With Sub-Components,\A1;,With Sub-Components,,,,,,,,,,,,,,,With Sub-Components,,7391.398006,3389.523022,,,23.79997145
Corrugated Umbilical,\A1;,Corrugated Umbilical,,,,,,,,,,,,,,,Corrugated Umbilical,,7339.860044,3404.029671,,,23.79997145
connector,\A1;,connector,,,,,,,,,,,,,,,connector,,7814.13726,3413.679602,,,23.79997145
FANUC# WE-6278-217-052,\A1;,FANUC# WE-6278-217-052,,,,,,,,,,,,,,,FANUC# WE-6278-217-052,,7439.949632,3413.680461,,,23.79936592
(1) Servo Motor Power Cable - w/ DDK,\A1;,(1) Servo Motor Power Cable - w/ DDK,,,,,,,,,,,,,,,(1) Servo Motor Power Cable - w/ DDK,,7814.13726,3454.714036,,,23.79997145
Leon 3.121.17.3004B,\A1;,Leon 3.121.17.3004B,,,,,,,,,,,,,,,Leon 3.121.17.3004B,,7439.949632,3454.714894,,,23.79936592
FANUC# WE-6278-212-052,\A1;,FANUC# WE-6278-212-052,,,,,,,,,,,,,,,FANUC# WE-6278-212-052,,7439.949632,3495.749328,,,23.79936592
(1) Servo Encoder Cable - w/ DDK connector,\A1;,(1) Servo Encoder Cable - w/ DDK connector,,,,,,,,,,,,,,,(1) Servo Encoder Cable - w/ DDK connector,,7814.13726,3536.782903,,,23.79997145
Leon 3.104.17.3074B,\A1;,Leon 3.104.17.3074B,,,,,,,,,,,,,,,Leon 3.104.17.3074B,,7441.4256,3536.783761,,,23.79936592
A,\A1;,A,,,,,,,,,,,,,,,A,,7245.430645,3548.674226,,,23.79997145
FANUC# WE-6278-214-051,\A1;,FANUC# WE-6278-214-051,,,,,,,,,,,,,,,FANUC# WE-6278-214-051,,7439.949632,3577.818195,,,23.79936592
style conn. at J3 & MS28-22 Str. conn. at J6,\A1;,style conn. at J3 & MS28-22 Str. conn. at J6,,,,,,,,,,,,,,,style conn. at J3 & MS28-22 Str. conn. at J6,,7814.13726,3581.680707,,,23.79997145
(3) 25mm² Ind. Cond. Cbl w/90º MS style ,\A1;,(3) 25mm² Ind. Cond. Cbl w/90º MS style ,,,,,,,,,,,,,,,(3) 25mm² Ind. Cond. Cbl w/90º MS style ,,7814.13726,3618.85177,,,23.79997145
Leon 3.213.051M.3011B,\A1;,Leon 3.213.051M.3011B,,,,,,,,,,,,,,,Leon 3.213.051M.3011B,,7439.949632,3618.852628,,,23.79936592
1,\A1;,1,,,,,,,,,,,,,,,1,,3849.602764,3640.577783,,,39.6875
1,\A1;,1,,,,,,,,,,,,,,,1,,3122.06661,3642.844502,,,39.6875
1,\A1;,1,,,,,,,,,,,,,,,1,,3476.943849,3642.844502,,,39.6875
1,\A1;,1,,,,,,,,,,,,,,,1,,4066.845329,3642.844502,,,39.6875
M70BU-2815B-2.65M (**) ,\A1;,M70BU-2815B-2.65M (**) ,,,,,,,,,,,,,,,M70BU-2815B-2.65M (**) ,,7437.54708,3666.876063,,,23.79936592
Pre-Assembled Corrugated (** incl. in Assy.) ,\A1;,Pre-Assembled Corrugated (** incl. in Assy.) ,,,,,,,,,,,,,,,Pre-Assembled Corrugated (** incl. in Assy.) ,,7813.316501,3667.738565,,,23.79997145
13,\A1;,13,,,,,,,,,,,,,,,13,,3831.176425,3704.077783,,,39.6875
1001,\A1;,1001,,,,,,,,,,,,,,,1001,,3079.544288,3706.344502,,,39.6875
15,\A1;,15,,,,,,,,,,,,,,,15,,3458.51751,3706.344502,,,39.6875
12,\A1;,12,,,,,,,,,,,,,,,12,,4048.41899,3706.344502,,,39.6875
Ends Caps ,\A1;,Ends Caps ,,,,,,,,,,,,,,,Ends Caps ,,7813.237294,3706.853914,,,23.79997145
B00795-00 ** ,\A1;,B00795-00 ** ,,,,,,,,,,,,,,,B00795-00 ** ,,7437.467873,3711.443102,,,23.79936592
70mm Corrugated Tube,\A1;,70mm Corrugated Tube,,,,,,,,,,,,,,,70mm Corrugated Tube,,7811.401398,3750.821377,,,23.79997145
M70BU ** ,\A1;,M70BU ** ,,,,,,,,,,,,,,,M70BU ** ,,7438.294238,3750.822236,,,23.79936592
Half Shell,\A1;,Half Shell,,,,,,,,,,,,,,,Half Shell,,7813.288201,3790.305439,,,23.79997145
B00761-00-98,\A1;,B00761-00-98,,,,,,,,,,,,,,,B00761-00-98,,7440.18104,3790.306298,,,23.79936592
Double Trumpet,\A1;,Double Trumpet,,,,,,,,,,,,,,,Double Trumpet,,7814.13726,3833.431658,,,23.79997145
B00763-12 **,\A1;,B00763-12 **,,,,,,,,,,,,,,,B00763-12 **,,7439.949632,3833.432517,,,23.79936592
Modified Trumpet,\A1;,Modified Trumpet,,,,,,,,,,,,,,,Modified Trumpet,,7814.13726,3872.777386,,,23.79997145
B00781-34-A **,\A1;,B00781-34-A **,,,,,,,,,,,,,,,B00781-34-A **,,7439.949632,3872.778244,,,23.79936592
J3 Hose Clamp,\A1;,J3 Hose Clamp,,,,,,,,,,,,,,,J3 Hose Clamp,,7814.13726,3915.699854,,,23.79997145
HOSECLAMP 044,\A1;,HOSECLAMP 044,,,,,,,,,,,,,,,HOSECLAMP 044,,7439.949632,3915.700713,,,23.79936592
J3 and J6 Star Separator,\A1;,J3 and J6 Star Separator,,,,,,,,,,,,,,,J3 and J6 Star Separator,,7814.13726,3956.734288,,,23.79997145
NTKKSB-70B148 (x2),\A1;,NTKKSB-70B148 (x2),,,,,,,,,,,,,,,NTKKSB-70B148 (x2),,7439.949632,3956.735146,,,23.79936592
J6 Trumpet,\A1;,J6 Trumpet,,,,,,,,,,,,,,,J6 Trumpet,,7814.13726,3997.768721,,,23.79997145
B00761-00-27,\A1;,B00761-00-27,,,,,,,,,,,,,,,B00761-00-27,,7439.949632,3997.76958,,,23.79936592
Spring,\A1;,Spring,,,,,,,,,,,,,,,Spring,,7814.13726,4039.044369,,,23.79997145
LEPS 2815 **,\A1;,LEPS 2815 **,,,,,,,,,,,,,,,LEPS 2815 **,,7439.949632,4039.045228,,,23.79936592
1,\A1;,1,,,,,,,,,,,,,,,1,,5814.422634,4078.158826,,,39.6875
Round Donut,\A1;,Round Donut,,,,,,,,,,,,,,,Round Donut,,7814.13726,4080.078803,,,23.79997145
B00781-24 (x3) ** ,\A1;,B00781-24 (x3) ** ,,,,,,,,,,,,,,,B00781-24 (x3) ** ,,7439.949632,4080.079661,,,23.79936592
1,\A1;,1,,,,,,,,,,,,,,,1,,3411.636911,4088.353823,,,39.6875
Single Bracket,\A1;,Single Bracket,,,,,,,,,,,,,,,Single Bracket,,7814.13726,4121.113236,,,23.79997145
B00761-00-18,\A1;,B00761-00-18,,,,,,,,,,,,,,,B00761-00-18,,7439.949632,4121.114095,,,23.79936592
19,\A1;,19,,,,,,,,,,,,,,,19,,5796.705,4141.658826,,,39.6875
14,\A1;,14,,,,,,,,,,,,,,,14,,3392.501866,4151.853823,,,39.6875
Corrugated Umbilical Sub-Component List,\A1;,Corrugated Umbilical Sub-Component List,,,,,,,,,,,,,,,Corrugated Umbilical Sub-Component List,,7619.239099,4162.981246,,,23.79997145
1,\A1;,1,,,,,,,,,,,,,,,1,,7323.605845,4213.030367,,,23.79997145
7.358.053.2001,\A1;,7.358.053.2001,,,,,,,,,,,,,,,7.358.053.2001,,7439.950088,4213.030367,,,23.79997145
Corrugated Umbilical (5.25m),\A1;,Corrugated Umbilical (5.25m),,,,,,,,,,,,,,,Corrugated Umbilical (5.25m),,7814.13726,4213.030367,,,23.79997145
SP,\A1;,SP,,,,,,,,,,,,,,,SP,,7374.461124,4265.297371,,,26.26203746
ITEM,\A1;,ITEM,,,,,,,,,,,,,,,ITEM,,7226.353092,4265.421305,,,26.26203746
QTY,\A1;,QTY,,,,,,,,,,,,,,,QTY,,7303.862561,4265.421305,,,26.26203746
PART NUMBER,\A1;,PART NUMBER,,,,,,,,,,,,,,,PART NUMBER,,7472.23875,4267.021695,,,26.26203746
DESCRIPTION,\A1;,DESCRIPTION,,,,,,,,,,,,,,,DESCRIPTION,,8010.794947,4267.021695,,,26.26203746
LEONI-EPS DRESSOUT PACKAGE SPARE PARTS LIST,\A1;,LEONI-EPS DRESSOUT PACKAGE SPARE PARTS LIST,,,,,,,,,,,,,,,LEONI-EPS DRESSOUT PACKAGE SPARE PARTS LIST,,7225.052657,4318.520773,,,26.26203746
T1,\A1;,T1,,,,,,,,,,,,,,,T1,,6302.997132,4595.093697,,,7.396126851
REV,\A1;,REV,QTY,,,,,,,QTY,,,,,,,REV,,7236.165179,5282.40625,,,31.75
DESCRIPTION,\A1;,DESCRIPTION,1,,,,,,,1,,,,,,,DESCRIPTION,,7661.955357,5282.40625,,,31.75
DATE,\A1;,DATE,DET,,,,,,,DET,,,,,,,DATE,,8271.441964,5282.40625,,,31.75
BY,\A1;,BY,SHT,,,,,,,SHT,,,,,,,BY,,8453.4375,5282.40625,,,31.75
FOR VERIFYING THE REVISION LEVEL WITH BSG ENGINEERING PRIOR TO USE.,\A1;,FOR VERIFYING THE REVISION LEVEL WITH BSG ENGINEERING PRIOR TO USE.,1,,,,,,,1,,,,,,,FOR VERIFYING THE REVISION LEVEL WITH BSG ENGINEERING PRIOR TO USE.,,7235.03125,5359.872186,,,25.4
HARD COPIES ARE CONSIDERED UNCONTROLLED.  HOLDERS ARE RESPONSIBLE,\A1;,HARD COPIES ARE CONSIDERED UNCONTROLLED.  HOLDERS ARE RESPONSIBLE,1,,,,,,,1,,,,,,,HARD COPIES ARE CONSIDERED UNCONTROLLED.  HOLDERS ARE RESPONSIBLE,,7235.03125,5400.675051,,,25.4
THE CONTROLLED VERSION OF THIS DOCUMENT IS ELECTRONICALLY MAINTAINED.,\A1;,THE CONTROLLED VERSION OF THIS DOCUMENT IS ELECTRONICALLY MAINTAINED.,S.P.,,,,,,,S.P.,,,,,,,THE CONTROLLED VERSION OF THIS DOCUMENT IS ELECTRONICALLY MAINTAINED.,,7235.03125,5441.477916,,,25.4
,,,WELD CONTROLLER BRACKET,,,,,,,WELD CONTROLLER BRACKET,,,,,,,,,10959.43162,5564.78509,,,7.9375
,\A1;,,B00781-24 (x3) ** ,,,,,,,B00781-24 (x3) ** ,,,,,,,,,8762.023614,6667.662108,,,2.053135217
,\A1;,,J3 and J6 Star Separator,,,,,,,J3 and J6 Star Separator,,,,,,,,,8772.371655,6667.662108,,,2.053135217
,\A1;,,Single Bracket,,,,,,,Single Bracket,,,,,,,,,8762.023614,6671.32842,,,2.053135217
,\A1;,,NTKKSB-70B148 (x2),,,,,,,NTKKSB-70B148 (x2),,,,,,,,,8772.371655,6671.32842,,,2.053135217
,\A1;,,B00761-00-18,,,,,,,B00761-00-18,,,,,,,,,8762.023614,6674.994733,,,2.053135217
,\A1;,,J6 Trumpet,,,,,,,J6 Trumpet,,,,,,,,,8772.371655,6674.994733,,,2.053135217
,\A1;,,FANUC# WE-6278-216-050,,,,,,,FANUC# WE-6278-216-050,,,,,,,,,8762.023614,6678.661046,,,2.053135217
,\A1;,,B00761-00-27,,,,,,,B00761-00-27,,,,,,,,,8772.371655,6678.661046,,,2.053135217
,\A1;,,FANUC# WE-6278-217-052,,,,,,,FANUC# WE-6278-217-052,,,,,,,,,8762.023614,6682.327359,,,2.053135217
,\A1;,,Spring,,,,,,,Spring,,,,,,,,,8772.371655,6682.327359,,,2.053135217
,\A1;,,FANUC# WE-6278-212-052,,,,,,,FANUC# WE-6278-212-052,,,,,,,,,8762.023614,6685.993672,,,2.053135217
,\A1;,,LEPS 2815 **,,,,,,,LEPS 2815 **,,,,,,,,,8772.371655,6685.993672,,,2.053135217
,\A1;,,FANUC# WE-6278-214-051,,,,,,,FANUC# WE-6278-214-051,,,,,,,,,8762.023614,6689.659985,,,2.053135217
,\A1;,,Round Donut,,,,,,,Round Donut,,,,,,,,,8772.371655,6689.659985,,,2.053135217
,\A1;,,Ends Caps ,,,,,,,Ends Caps ,,,,,,,,,8762.023614,6717.662108,,,2.053135217
,\A1;,,B00761-00-98,,,,,,,B00761-00-98,,,,,,,,,8772.371655,6717.662108,,,2.053135217
,\A1;,,B00795-00 ** ,,,,,,,B00795-00 ** ,,,,,,,,,8762.023614,6721.32842,,,2.053135217
,\A1;,,Double Trumpet,,,,,,,Double Trumpet,,,,,,,,,8772.371655,6721.32842,,,2.053135217
,\A1;,,Pre-Assembled Corrugated (** incl. in Assy.) ,,,,,,,Pre-Assembled Corrugated (** incl. in Assy.) ,,,,,,,,,8762.023614,6724.994733,,,2.053135217
,\A1;,,B00763-12 **,,,,,,,B00763-12 **,,,,,,,,,8772.371655,6724.994733,,,2.053135217
,\A1;,,M70BU-2815B-2.65M (**) ,,,,,,,M70BU-2815B-2.65M (**) ,,,,,,,,,8762.023614,6728.661046,,,2.053135217
,\A1;,,Modified Trumpet,,,,,,,Modified Trumpet,,,,,,,,,8772.371655,6728.661046,,,2.053135217
,\A1;,,70mm Corrugated Tube,,,,,,,70mm Corrugated Tube,,,,,,,,,8762.023614,6732.327359,,,2.053135217
,\A1;,,B00781-34-A **,,,,,,,B00781-34-A **,,,,,,,,,8772.371655,6732.327359,,,2.053135217
,\A1;,,M70BU ** ,,,,,,,M70BU ** ,,,,,,,,,8762.023614,6735.993672,,,2.053135217
,\A1;,,J3 Hose Clamp,,,,,,,J3 Hose Clamp,,,,,,,,,8772.371655,6735.993672,,,2.053135217
,\A1;,,Half Shell,,,,,,,Half Shell,,,,,,,,,8762.023614,6739.659985,,,2.053135217
,\A1;,,HOSECLAMP 044,,,,,,,HOSECLAMP 044,,,,,,,,,8772.371655,6739.659985,,,2.053135217
,\A1;,,1,,,,,,,1,,,,,,,,,8762.023614,6767.662108,,,2.053135217
,\A1;,,17,,,,,,,17,,,,,,,,,8772.371655,6767.662108,,,2.053135217
,\A1;,,1,,,,,,,1,,,,,,,,,8762.023614,6771.32842,,,2.053135217
,\A1;,,1,,,,,,,1,,,,,,,,,8772.371655,6771.32842,,,2.053135217
,\A1;,,18,,,,,,,18,,,,,,,,,8762.023614,6774.994733,,,2.053135217
,\A1;,,13,,,,,,,13,,,,,,,,,8772.371655,6774.994733,,,2.053135217
,\A1;,,WO-5215-504,,,,,,,WO-5215-504,,,,,,,,,8762.023614,6778.661046,,,2.053135217
,\A1;,,1,,,,,,,1,,,,,,,,,8772.371655,6778.661046,,,2.053135217
,\A1;,,DUAL REMOTE OP BOX STAND,,,,,,,DUAL REMOTE OP BOX STAND,,,,,,,,,8762.023614,6782.327359,,,2.053135217
,\A1;,,1001,,,,,,,1001,,,,,,,,,8772.371655,6782.327359,,,2.053135217
,\A1;,,J6 AXIS REVERSE L BRKT,,,,,,,J6 AXIS REVERSE L BRKT,,,,,,,,,8762.023614,6785.993672,,,2.053135217
,\A1;,,1,,,,,,,1,,,,,,,,,8772.371655,6785.993672,,,2.053135217
,\A1;,,J6 AXIS DRESSOUT BRKTS + ATC AIRGUN BRKT,,,,,,,J6 AXIS DRESSOUT BRKTS + ATC AIRGUN BRKT,,,,,,,,,8762.023614,6789.659985,,,2.053135217
,\A1;,,12,,,,,,,12,,,,,,,,,8772.371655,6789.659985,,,2.053135217
,\A1;,,*,,,,,,,*,,,,,,,,,8762.023614,6817.662108,,,2.053135217
,\A1;,,1,,,,,,,1,,,,,,,,,8772.371655,6817.662108,,,2.053135217
,\A1;,,WO-6278-200,,,,,,,WO-6278-200,,,,,,,,,8762.023614,6821.32842,,,2.053135217
,\A1;,,19,,,,,,,19,,,,,,,,,8772.371655,6821.32842,,,2.053135217
,\A1;,,ROBOT STENCIL DATA,,,,,,,ROBOT STENCIL DATA,,,,,,,,,8762.023614,6824.994733,,,2.053135217
,\A1;,,1,,,,,,,1,,,,,,,,,8772.371655,6824.994733,,,2.053135217
,\A1;,,INTEGRATED ROCON WATER SAVER,,,,,,,INTEGRATED ROCON WATER SAVER,,,,,,,,,8762.023614,6828.661046,,,2.053135217
,\A1;,,14,,,,,,,14,,,,,,,,,8772.371655,6828.661046,,,2.053135217
,\A1;,,WO-6751-407,,,,,,,WO-6751-407,,,,,,,,,8762.023614,6832.327359,,,2.053135217
,\A1;,,1,,,,,,,1,,,,,,,,,8772.371655,6832.327359,,,2.053135217
,\A1;,,T1,,,,,,,T1,,,,,,,,,8762.023614,6835.993672,,,2.053135217
,\A1;,,15,,,,,,,15,,,,,,,,,8772.371655,6835.993672,,,2.053135217
,\A1;,,16,,,,,,,16,,,,,,,,,8762.023614,6839.659985,,,2.053135217
,\A1;,,1,,,,,,,1,,,,,,,,,8772.371655,6839.659985,,,2.053135217
,\A1;,,LEONI #FRAHONAS13-R2K-165F-A,,,,,,,LEONI #FRAHONAS13-R2K-165F-A,,,,,,,,,13327.93353,7895.674275,,,2.053135217
,\A1;,,ITEM,,,,,,,ITEM,,,,,,,,,13338.28157,7895.674275,,,2.053135217
,\A1;,,FANUC #HONAS13R2K165FA,,,,,,,FANUC #HONAS13R2K165FA,,,,,,,,,13327.93353,7899.340588,,,2.053135217
,\A1;,,A,,,,,,,A,,,,,,,,,13338.28157,7899.340588,,,2.053135217
,\A1;,,-,,,,,,,-,,,,,,,,,13327.93353,7903.006901,,,2.053135217
,\A1;,,C,,,,,,,C,,,,,,,,,13338.28157,7903.006901,,,2.053135217
,\A1;,,1,,,,,,,1,,,,,,,,,13327.93353,7906.673214,,,2.053135217
,\A1;,,D,,,,,,,D,,,,,,,,,13338.28157,7906.673214,,,2.053135217
,\A1;,,1,,,,,,,1,,,,,,,,,13327.93353,7910.339527,,,2.053135217
,\A1;,,B,,,,,,,B,,,,,,,,,13338.28157,7910.339527,,,2.053135217
,\A1;,,SG1 CARRIED (R2000),,,,,,,SG1 CARRIED (R2000),,,,,,,,,13327.93353,7914.005839,,,2.053135217
,\A1;,,(2) FR 8x12 Hose - Gray L= 5.25M,,,,,,,(2) FR 8x12 Hose - Gray L= 5.25M,,,,,,,,,13338.28157,7914.005839,,,2.053135217
,\A1;,,WE-6751-501R2K,,,,,,,WE-6751-501R2K,,,,,,,,,13327.93353,7917.672152,,,2.053135217
,\A1;,,(2) FR 8x12 Hose - Blue L= 5.25M,,,,,,,(2) FR 8x12 Hose - Blue L= 5.25M,,,,,,,,,13338.28157,7917.672152,,,2.053135217
,\A1;,,Swivel Plate,,,,,,,Swivel Plate,,,,,,,,,13327.93353,7945.674275,,,2.053135217
,\A1;,,Corrugated Umbilical (5.25m),,,,,,,Corrugated Umbilical (5.25m),,,,,,,,,13338.28157,7945.674275,,,2.053135217
,\A1;,,NR380000022,,,,,,,NR380000022,,,,,,,,,13327.93353,7949.340588,,,2.053135217
,\A1;,,PART NUMBER,,,,,,,PART NUMBER,,,,,,,,,13338.28157,7949.340588,,,2.053135217
,\A1;,,Spacer,,,,,,,Spacer,,,,,,,,,13327.93353,7953.006901,,,2.053135217
,\A1;,,LEONI-EPS DRESSOUT PACKAGE SPARE PARTS LIST,,,,,,,LEONI-EPS DRESSOUT PACKAGE SPARE PARTS LIST,,,,,,,,,13338.28157,7953.006901,,,2.053135217
,\A1;,,LEPS 1385,,,,,,,LEPS 1385,,,,,,,,,13327.93353,7956.673214,,,2.053135217
,\A1;,,DESCRIPTION,,,,,,,DESCRIPTION,,,,,,,,,13338.28157,7956.673214,,,2.053135217
,\A1;,,1,,,,,,,1,,,,,,,,,13327.93353,7960.339527,,,2.053135217
,\A1;,,1,,,,,,,1,,,,,,,,,13338.28157,7960.339527,,,2.053135217
,\A1;,,1,,,,,,,1,,,,,,,,,13327.93353,7964.005839,,,2.053135217
,\A1;,,QTY,,,,,,,QTY,,,,,,,,,13338.28157,7964.005839,,,2.053135217
,\A1;,,2,,,,,,,2,,,,,,,,,13327.93353,7967.672152,,,2.053135217
,\A1;,,SP,,,,,,,SP,,,,,,,,,13338.28157,7967.672152,,,2.053135217
,\A1;,,With Sub-Components,,,,,,,With Sub-Components,,,,,,,,,13327.93353,7995.674275,,,2.053135217
,\A1;,,(1) Servo Motor Power Cable - w/ DDK,,,,,,,(1) Servo Motor Power Cable - w/ DDK,,,,,,,,,13338.28157,7995.674275,,,2.053135217
,\A1;,,Corrugated Umbilical,,,,,,,Corrugated Umbilical,,,,,,,,,13327.93353,7999.340588,,,2.053135217
,\A1;,,Leon 3.121.17.3004B,,,,,,,Leon 3.121.17.3004B,,,,,,,,,13338.28157,7999.340588,,,2.053135217
,\A1;,,1,,,,,,,1,,,,,,,,,13327.93353,8003.006901,,,2.053135217
,\A1;,,(1) Servo Encoder Cable - w/ DDK connector,,,,,,,(1) Servo Encoder Cable - w/ DDK connector,,,,,,,,,13338.28157,8003.006901,,,2.053135217
,\A1;,,E,,,,,,,E,,,,,,,,,13327.93353,8006.673214,,,2.053135217
,\A1;,,Leon 3.104.17.3074B,,,,,,,Leon 3.104.17.3074B,,,,,,,,,13338.28157,8006.673214,,,2.053135217
,\A1;,,7.358.053.2001,,,,,,,7.358.053.2001,,,,,,,,,13327.93353,8010.339527,,,2.053135217
,\A1;,,(3) 25mm² Ind. Cond. Cbl w/90º MS style ,,,,,,,(3) 25mm² Ind. Cond. Cbl w/90º MS style ,,,,,,,,,13338.28157,8010.339527,,,2.053135217
,\A1;,,Clamp Bracket,,,,,,,Clamp Bracket,,,,,,,,,13327.93353,8014.005839,,,2.053135217
,\A1;,,Leon 3.213.051M.3011B,,,,,,,Leon 3.213.051M.3011B,,,,,,,,,13338.28157,8014.005839,,,2.053135217
,\A1;,,B00761-00-18,,,,,,,B00761-00-18,,,,,,,,,13327.93353,8017.672152,,,2.053135217
,\A1;,,Corrugated Umbilical Sub-Component List,,,,,,,Corrugated Umbilical Sub-Component List,,,,,,,,,13338.28157,8017.672152,,,2.053135217
,\A1;,,J4 Protection Ring,,,,,,,J4 Protection Ring,,,,,,,,,13327.93353,8045.674275,,,2.053135217
,\A1;,,FR 8X12 BL,,,,,,,FR 8X12 BL,,,,,,,,,13338.28157,8045.674275,,,2.053135217
,\A1;,,B00796-09-02 (Fanuc R2000iB 210F),,,,,,,B00796-09-02 (Fanuc R2000iB 210F),,,,,,,,,13327.93353,8049.340588,,,2.053135217
,\A1;,,connector,,,,,,,connector,,,,,,,,,13338.28157,8049.340588,,,2.053135217
,\A1;,,B00796-09-01 (Fanuc R2000iB 165F),,,,,,,B00796-09-01 (Fanuc R2000iB 165F),,,,,,,,,13327.93353,8053.006901,,,2.053135217
,\A1;,,(1) Transformer OT Cable - 5 Pin Micro,,,,,,,(1) Transformer OT Cable - 5 Pin Micro,,,,,,,,,13338.28157,8053.006901,,,2.053135217
,\A1;,,B00796-09-XX ,,,,,,,B00796-09-XX ,,,,,,,,,13327.93353,8056.673214,,,2.053135217
,\A1;,,Brad Harrison,,,,,,,Brad Harrison,,,,,,,,,13338.28157,8056.673214,,,2.053135217
,\A1;,,style conn. at J3 & MS28-22 Str. conn. at J6,,,,,,,style conn. at J3 & MS28-22 Str. conn. at J6,,,,,,,,,13327.93353,8060.339527,,,2.053135217
,\A1;,,(1) CHC2 Cable - w/ 4 Pin Micro connectors,,,,,,,(1) CHC2 Cable - w/ 4 Pin Micro connectors,,,,,,,,,13338.28157,8060.339527,,,2.053135217
,\A1;,,#80203-M060,,,,,,,#80203-M060,,,,,,,,,13327.93353,8064.005839,,,2.053135217
,\A1;,,Leoni# 3.548.047M.3005B,,,,,,,Leoni# 3.548.047M.3005B,,,,,,,,,13338.28157,8064.005839,,,2.053135217
,\A1;,,FR 8X12 GY,,,,,,,FR 8X12 GY,,,,,,,,,13327.93353,8067.672152,,,2.053135217
,\A1;,,connector,,,,,,,connector,,,,,,,,,13338.28157,8067.672152,,,2.053135217
,\A1;,,WELD PRIM CABLE EXTENSION AT WELD GUN,,,,,,,WELD PRIM CABLE EXTENSION AT WELD GUN,,,,,,,,,14336.33849,8352.516459,,,3.518725796
,\A1;,,ROBOT LOCAL I/O DEVICENET-DUAL CH CARD,,,,,,,ROBOT LOCAL I/O DEVICENET-DUAL CH CARD,,,,,,,,,21452.04126,8374.161184,,,3.518725796
,\A1;,,WE-6751-471,,,,,,,WE-6751-471,,,,,,,,,17475.44522,8410.124021,,,3.518725796
,\A1;,,DESCRIPTION,,,,,,,DESCRIPTION,,,,,,,,,4533.688831,9308.29272,,,3.518725796
,\A1;,,LEONI-EPS DRESSOUT PACKAGE,,,,,,,LEONI-EPS DRESSOUT PACKAGE,,,,,,,,,11649.3916,9329.937445,,,3.518725796
,\A1;,,PART NO.,,,,,,,PART NO.,,,,,,,,,7672.795564,9365.900281,,,3.518725796
,\A1;,,R30iA CONTROLLER TYPE (MEZZ),,,,,,,R30iA CONTROLLER TYPE (MEZZ),,,,,,,,,19194.80711,9411.355465,,,3.518725796
,\A1;,,2,,,,,,,2,,,,,,,,,9392.157452,10367.13172,,,3.518725796
,\A1;,,,,,,,,,,,,,,,,,,,,,,
,\A1;,,,,,,,,,,,,,,,,,,,,,,
,\A1;,,,,,,,,,,,,,,,,,,,,,,
,\A1;,,,,,,,,,,,,,,,,,,,,,,
,\A1;,,,,,,,,,,,,,,,,,,,,,,
,\A1;,,,,,,,,,,,,,,,,,,,,,,
,\A1;,,,,,,,,,,,,,,,,,,,,,,
,\A1;,,,,,,,,,,,,,,,,,,,,,,
,\A1;,,,,,,,,,,,,,,,,,,,,,,
,\A1;,,,,,,,,,,,,,,,,,,,,,,
,\A1;,,,,,,,,,,,,,,,,,,,,,,
,\A1;,,,,,,,,,,,,,,,,,,,,,,
,\A1;,,,,,,,,,,,,,,,,,,,,,,
,\A1;,,,,,,,,,,,,,,,,,,,,,,
,\A1;,,,,,,,,,,,,,,,,,,,,,,
,\A1;,,,,,,,,,,,,,,,,,,,,,,
,\A1;,,,,,,,,,,,,,,,,,,,,,,
,\A1;,,,,,,,,,,,,,,,,,,,,,,
,\A1;,,,,,,,,,,,,,,,,,,,,,,
,\A1;,,,,,,,,,,,,,,,,,,,,,,
,\A1;,,,,,,,,,,,,,,,,,,,,,,
,\A1;,,,,,,,,,,,,,,,,,,,,,,
,\A1;,,,,,,,,,,,,,,,,,,,,,,
,\A1;,,,,,,,,,,,,,,,,,,,,,,
,\A1;,,,,,,,,,,,,,,,,,,,,,,
,\A1;,,,,,,,,,,,,,,,,,,,,,,
,\A1;,,,,,,,,,,,,,,,,,,,,,,
,\A1;,,,,,,,,,,,,,,,,,,,,,,
,\A1;,,,,,,,,,,,,,,,,,,,,,,
,\A1;,,,,,,,,,,,,,,,,,,,,,,
,\A1;,,,,,,,,,,,,,,,,,,,,,,
,\A1;,,,,,,,,,,,,,,,,,,,,,,
,\A1;,,,,,,,,,,,,,,,,,,,,,,
,\A1;,,,,,,,,,,,,,,,,,,,,,,
,\A1;,,,,,,,,,,,,,,,,,,,,,,
,\A1;,,,,,,,,,,,,,,,,,,,,,,
,\A1;,,,,,,,,,,,,,,,,,,,,,,
,\A1;,,,,,,,,,,,,,,,,,,,,,,
,\A1;,,,,,,,,,,,,,,,,,,,,,,
,\A1;,,,,,,,,,,,,,,,,,,,,,,
,\A1;,,,,,,,,,,,,,,,,,,,,,,
,\A1;,,,,,,,,,,,,,,,,,,,,,,
,\A1;,,,,,,,,,,,,,,,,,,,,,,
,\A1;,,,,,,,,,,,,,,,,,,,,,,
,\A1;,,,,,,,,,,,,,,,,,,,,,,
,\A1;,,,,,,,,,,,,,,,,,,,,,,
,\A1;,,,,,,,,,,,,,,,,,,,,,,
,\A1;,,,,,,,,,,,,,,,,,,,,,,
,\A1;,,,,,,,,,,,,,,,,,,,,,,
,\A1;,,,,,,,,,,,,,,,,,,,,,,
,\A1;,,,,,,,,,,,,,,,,,,,,,,
,\A1;,,,,,,,,,,,,,,,,,,,,,,
,\A1;,,,,,,,,,,,,,,,,,,,,,,
,\A1;,,,,,,,,,,,,,,,,,,,,,,
,\A1;,,,,,,,,,,,,,,,,,,,,,,
,\A1;,,,,,,,,,,,,,,,,,,,,,,
,\A1;,,,,,,,,,,,,,,,,,,,,,,
,\A1;,,,,,,,,,,,,,,,,,,,,,,
,\A1;,,,,,,,,,,,,,,,,,,,,,,
,\A1;,,,,,,,,,,,,,,,,,,,,,,
,\A1;,,,,,,,,,,,,,,,,,,,,,,
,\A1;,,,,,,,,,,,,,,,,,,,,,,
,\A1;,,,,,,,,,,,,,,,,,,,,,,
,\A1;,,,,,,,,,,,,,,,,,,,,,,
,\A1;,,,,,,,,,,,,,,,,,,,,,,
,\A1;,,,,,,,,,,,,,,,,,,,,,,
,\A1;,,,,,,,,,,,,,,,,,,,,,,
,\A1;,,,,,,,,,,,,,,,,,,,,,,
,\A1;,,,,,,,,,,,,,,,,,,,,,,
,\A1;,,,,,,,,,,,,,,,,,,,,,,
,\A1;,,,,,,,,,,,,,,,,,,,,,,
,\A1;,,,,,,,,,,,,,,,,,,,,,,
,\A1;,,,,,,,,,,,,,,,,,,,,,,
,\A1;,,,,,,,,,,,,,,,,,,,,,,
,\A1;,,,,,,,,,,,,,,,,,,,,,,
,\A1;,,,,,,,,,,,,,,,,,,,,,,
,\A1;,,,,,,,,,,,,,,,,,,,,,,
,\A1;,,,,,,,,,,,,,,,,,,,,,,
,\A1;,,,,,,,,,,,,,,,,,,,,,,
,\A1;,,,,,,,,,,,,,,,,,,,,,,
,\A1;,,,,,,,,,,,,,,,,,,,,,,
,\A1;,,,,,,,,,,,,,,,,,,,,,,
,\A1;,,,,,,,,,,,,,,,,,,,,,,
,\A1;,,,,,,,,,,,,,,,,,,,,,,
,\A1;,,,,,,,,,,,,,,,,,,,,,,
,\A1;,,,,,,,,,,,,,,,,,,,,,,
,\A1;,,,,,,,,,,,,,,,,,,,,,,
,\A1;,,,,,,,,,,,,,,,,,,,,,,
,\A1;,,,,,,,,,,,,,,,,,,,,,,
,\A1;,,,,,,,,,,,,,,,,,,,,,,
,\A1;,,,,,,,,,,,,,,,,,,,,,,
,\A1;,,,,,,,,,,,,,,,,,,,,,,
,\A1;,,,,,,,,,,,,,,,,,,,,,,
,\A1;,,,,,,,,,,,,,,,,,,,,,,
,\A1;,,,,,,,,,,,,,,,,,,,,,,
,\A1;,,,,,,,,,,,,,,,,,,,,,,
,\A1;,,,,,,,,,,,,,,,,,,,,,,
,\A1;,,,,,,,,,,,,,,,,,,,,,,
,\A1;,,,,,,,,,,,,,,,,,,,,,,
,\A1;,,,,,,,,,,,,,,,,,,,,,,
,\A1;,,,,,,,,,,,,,,,,,,,,,,
,\A1;,,,,,,,,,,,,,,,,,,,,,,
,\A1;,,,,,,,,,,,,,,,,,,,,,,
,\A1;,,,,,,,,,,,,,,,,,,,,,,
,\A1;,,,,,,,,,,,,,,,,,,,,,,
,\A1;,,,,,,,,,,,,,,,,,,,,,,
,\A1;,,,,,,,,,,,,,,,,,,,,,,
,\A1;,,,,,,,,,,,,,,,,,,,,,,
,\A1;,,,,,,,,,,,,,,,,,,,,,,
,\A1;,,,,,,,,,,,,,,,,,,,,,,
,\A1;,,,,,,,,,,,,,,,,,,,,,,
,\A1;,,,,,,,,,,,,,,,,,,,,,,
,\A1;,,,,,,,,,,,,,,,,,,,,,,
,\A1;,,,,,,,,,,,,,,,,,,,,,,
,\A1;,,,,,,,,,,,,,,,,,,,,,,
,\A1;,,,,,,,,,,,,,,,,,,,,,,
,\A1;,,,,,,,,,,,,,,,,,,,,,,
,\A1;,,,,,,,,,,,,,,,,,,,,,,
,\A1;,,,,,,,,,,,,,,,,,,,,,,
,\A1;,,,,,,,,,,,,,,,,,,,,,,
,\A1;,,,,,,,,,,,,,,,,,,,,,,
,\A1;,,,,,,,,,,,,,,,,,,,,,,
,\A1;,,,,,,,,,,,,,,,,,,,,,,
,\A1;,,,,,,,,,,,,,,,,,,,,,,
,\A1;,,,,,,,,,,,,,,,,,,,,,,
,\A1;,,,,,,,,,,,,,,,,,,,,,,
,\A1;,,,,,,,,,,,,,,,,,,,,,,
,\A1;,,,,,,,,,,,,,,,,,,,,,,
,\A1;,,,,,,,,,,,,,,,,,,,,,,
,\A1;,,,,,,,,,,,,,,,,,,,,,,
,\A1;,,,,,,,,,,,,,,,,,,,,,,
,\A1;,,,,,,,,,,,,,,,,,,,,,,
,\A1;,,,,,,,,,,,,,,,,,,,,,,
,\A1;,,,,,,,,,,,,,,,,,,,,,,
,\A1;,,,,,,,,,,,,,,,,,,,,,,
,\A1;,,,,,,,,,,,,,,,,,,,,,,
,\A1;,,,,,,,,,,,,,,,,,,,,,,
,\A1;,,,,,,,,,,,,,,,,,,,,,,
,\A1;,,,,,,,,,,,,,,,,,,,,,,
,\A1;,,,,,,,,,,,,,,,,,,,,,,
,\A1;,,,,,,,,,,,,,,,,,,,,,,
,\A1;,,,,,,,,,,,,,,,,,,,,,,
,\A1;,,,,,,,,,,,,,,,,,,,,,,
,\A1;,,,,,,,,,,,,,,,,,,,,,,
,\A1;,,,,,,,,,,,,,,,,,,,,,,
,\A1;,,,,,,,,,,,,,,,,,,,,,,
,\A1;,,,,,,,,,,,,,,,,,,,,,,
,\A1;,,,,,,,,,,,,,,,,,,,,,,
,\A1;,,,,,,,,,,,,,,,,,,,,,,
,\A1;,,,,,,,,,,,,,,,,,,,,,,
,\A1;,,,,,,,,,,,,,,,,,,,,,,
,\A1;,,,,,,,,,,,,,,,,,,,,,,
,\A1;,,,,,,,,,,,,,,,,,,,,,,
,\A1;,,,,,,,,,,,,,,,,,,,,,,
,\A1;,,,,,,,,,,,,,,,,,,,,,,
,\A1;,,,,,,,,,,,,,,,,,,,,,,
,\A1;,,,,,,,,,,,,,,,,,,,,,,
,\A1;,,,,,,,,,,,,,,,,,,,,,,
,\A1;,,,,,,,,,,,,,,,,,,,,,,
,\A1;,,,,,,,,,,,,,,,,,,,,,,
,\A1;,,,,,,,,,,,,,,,,,,,,,,
,\A1;,,,,,,,,,,,,,,,,,,,,,,
,\A1;,,,,,,,,,,,,,,,,,,,,,,
,\A1;,,,,,,,,,,,,,,,,,,,,,,
,\A1;,,,,,,,,,,,,,,,,,,,,,,
,\A1;,,,,,,,,,,,,,,,,,,,,,,
,\A1;,,,,,,,,,,,,,,,,,,,,,,
,\A1;,,,,,,,,,,,,,,,,,,,,,,
,\A1;,,,,,,,,,,,,,,,,,,,,,,
,\A1;,,,,,,,,,,,,,,,,,,,,,,
,\A1;,,,,,,,,,,,,,,,,,,,,,,
,\A1;,,,,,,,,,,,,,,,,,,,,,,
,\A1;,,,,,,,,,,,,,,,,,,,,,,
,\A1;,,,,,,,,,,,,,,,,,,,,,,
,\A1;,,,,,,,,,,,,,,,,,,,,,,
,\A1;,,,,,,,,,,,,,,,,,,,,,,
,\A1;,,,,,,,,,,,,,,,,,,,,,,
,\A1;,,,,,,,,,,,,,,,,,,,,,,
,\A1;,,,,,,,,,,,,,,,,,,,,,,
,\A1;,,,,,,,,,,,,,,,,,,,,,,
,\A1;,,,,,,,,,,,,,,,,,,,,,,
,\A1;,,,,,,,,,,,,,,,,,,,,,,
,\A1;,,,,,,,,,,,,,,,,,,,,,,
,\A1;,,,,,,,,,,,,,,,,,,,,,,
,\A1;,,,,,,,,,,,,,,,,,,,,,,
,\A1;,,,,,,,,,,,,,,,,,,,,,,
,\A1;,,,,,,,,,,,,,,,,,,,,,,
,\A1;,,,,,,,,,,,,,,,,,,,,,,
,\A1;,,,,,,,,,,,,,,,,,,,,,,
,\A1;,,,,,,,,,,,,,,,,,,,,,,
,\A1;,,,,,,,,,,,,,,,,,,,,,,
,\A1;,,,,,,,,,,,,,,,,,,,,,,
,\A1;,,,,,,,,,,,,,,,,,,,,,,
,\A1;,,,,,,,,,,,,,,,,,,,,,,
,\A1;,,,,,,,,,,,,,,,,,,,,,,
,\A1;,,,,,,,,,,,,,,,,,,,,,,
,\A1;,,,,,,,,,,,,,,,,,,,,,,
,\A1;,,,,,,,,,,,,,,,,,,,,,,
,\A1;,,,,,,,,,,,,,,,,,,,,,,
,\A1;,,,,,,,,,,,,,,,,,,,,,,
,\A1;,,,,,,,,,,,,,,,,,,,,,,
,\A1;,,,,,,,,,,,,,,,,,,,,,,
,\A1;,,,,,,,,,,,,,,,,,,,,,,
,\A1;,,,,,,,,,,,,,,,,,,,,,,
,\A1;,,,,,,,,,,,,,,,,,,,,,,
,\A1;,,,,,,,,,,,,,,,,,,,,,,
,\A1;,,,,,,,,,,,,,,,,,,,,,,
,\A1;,,,,,,,,,,,,,,,,,,,,,,
,\A1;,,,,,,,,,,,,,,,,,,,,,,
,\A1;,,,,,,,,,,,,,,,,,,,,,,
,\A1;,,,,,,,,,,,,,,,,,,,,,,
,\A1;,,,,,,,,,,,,,,,,,,,,,,
,\A1;,,,,,,,,,,,,,,,,,,,,,,
,\A1;,,,,,,,,,,,,,,,,,,,,,,
,\A1;,,,,,,,,,,,,,,,,,,,,,,
,\A1;,,,,,,,,,,,,,,,,,,,,,,
,\A1;,,,,,,,,,,,,,,,,,,,,,,
,\A1;,,,,,,,,,,,,,,,,,,,,,,
,\A1;,,,,,,,,,,,,,,,,,,,,,,
,\A1;,,,,,,,,,,,,,,,,,,,,,,
,\A1;,,,,,,,,,,,,,,,,,,,,,,
,\A1;,,,,,,,,,,,,,,,,,,,,,,
,\A1;,,,,,,,,,,,,,,,,,,,,,,
,\A1;,,,,,,,,,,,,,,,,,,,,,,
,\A1;,,,,,,,,,,,,,,,,,,,,,,
,\A1;,,,,,,,,,,,,,,,,,,,,,,
,\A1;,,,,,,,,,,,,,,,,,,,,,,
,\A1;,,,,,,,,,,,,,,,,,,,,,,
,\A1;,,,,,,,,,,,,,,,,,,,,,,
,\A1;,,,,,,,,,,,,,,,,,,,,,,
,\A1;,,,,,,,,,,,,,,,,,,,,,,
,\A1;,,,,,,,,,,,,,,,,,,,,,,
,J3 ARM PROTECTION RINGS\P#A290-7324-X562 (2=1) REF.,,,,,,,,,,,,,,,,,,,,,,
,,,,,,,,,,,,,,,,,,,,,,,
,,,,,,,,,,,,,,,,,,,,,,,
,,THE CONTROLLED VERSION OF THIS DOCUMENT IS ELECTRONICALLY MAINTAINED.,,,,,,,,,,,,,,,,,,,,,
,,HARD COPIES ARE CONSIDERED UNCONTROLLED.  HOLDERS ARE RESPONSIBLE,,,,,,,,,,,,,,,,,,,,,
,,FOR VERIFYING THE REVISION LEVEL WITH BSG ENGINEERING PRIOR TO USE.,,,,,,,,,,,,,,,,,,,,,
,,DESCRIPTION,,,,,,,,,,,,,,,,,,,,,
,,REV,,,,,,,,,,,,,,,,,,,,,
,,DATE,,,,,,,,,,,,,,,,,,,,,
,,BY,,,,,,,,,,,,,,,,,,,,,
,,The controlled version of this document is electronically maintained. Hard copies are considered uncontrolled. Holders are responsible for verifying the revision level prior to use.,,,,,,,,,,,,,,,,,,,,,
,,*,,,,,,,,,,,,,,,,,,,,,
,,NOT SHOWN,,,,,,,,,,,,,,,,,,,,,
,,*,,,,,,,,,,,,,,,,,,,,,
,,SHT,,,,,,,,,,,,,,,,,,,,,
,,DET,,,,,,,,,,,,,,,,,,,,,
,,QTY,,,,,,,,,,,,,,,,,,,,,
,,1,,,,,,,,,,,,,,,,,,,,,
,,1,,,,,,,,,,,,,,,,,,,,,
,,1,,,,,,,,,,,,,,,,,,,,,
,,S.P.,,,,,,,,,,,,,,,,,,,,,
,,WT.,,,,,,,,,,,,,,,,,,,,,
,,DESCRIPTION,,,,,,,,,,,,,,,,,,,,,
,,PART NO.,,,,,,,,,,,,,,,,,,,,,
,,2,,,,,,,,,,,,,,,,,,,,,
,,LEONI-EPS DRESSOUT PACKAGE,,,,,,,,,,,,,,,,,,,,,
,,SEE THIS SHT. FOR SPARE PARTS LIST,,,,,,,,,,,,,,,,,,,,,
,,-,,,,,,,,,,,,,,,,,,,,,
,,1,,,,,,,,,,,,,,,,,,,,,
,,1,,,,,,,,,,,,,,,,,,,,,
,,1001,,,,,,,,,,,,,,,,,,,,,
,,xx#,,,,,,,,,,,,,,,,,,,,,
,,1,,,,,,,,,,,,,,,,,,,,,
,,1,,,,,,,,,,,,,,,,,,,,,
,,3,,,,,,,,,,,,,,,,,,,,,
,,-,,,,,,,,,,,,,,,,,,,,,
,,J6 AXIS INSULATION KIT ASS.,,,,,,,,,,,,,,,,,,,,,
,,WO-5426-290,,,,,,,,,,,,,,,,,,,,,
,,1,,,,,,,,,,,,,,,,,,,,,
,,1,,,,,,,,,,,,,,,,,,,,,
,,4,,,,,,,,,,,,,,,,,,,,,
,,-,,,,,,,,,,,,,,,,,,,,,
,,1,,,,,,,,,,,,,,,,,,,,,
,,1,,,,,,,,,,,,,,,,,,,,,
,,12,,,,,,,,,,,,,,,,,,,,,
,,-,,,,,,,,,,,,,,,,,,,,,
,,1,,,,,,,,,,,,,,,,,,,,,
,,13,,,,,,,,,,,,,,,,,,,,,
,,14,,,,,,,,,,,,,,,,,,,,,
,,J6 AXIS 31mm HOSE CLAMP,,,,,,,,,,,,,,,,,,,,,
,,WO-6278-290,,,,,,,,,,,,,,,,,,,,,
,,-,,,,,,,,,,,,,,,,,,,,,
,,1,,,,,,,,,,,,,,,,,,,,,
,,16,,,,,,,,,,,,,,,,,,,,,
,,1,,,,,,,,,,,,,,,,,,,,,
,,18,,,,,,,,,,,,,,,,,,,,,
,,-,,,,,,,,,,,,,,,,,,,,,
,,19,,,,,,,,,,,,,,,,,,,,,
,,-,,,,,,,,,,,,,,,,,,,,,
,,1,,,,,,,,,,,,,,,,,,,,,
,,15,,,,,,,,,,,,,,,,,,,,,
,,17,,,,,,,,,,,,,,,,,,,,,
,,1,,,,,,,,,,,,,,,,,,,,,
,,1,,,,,,,,,,,,,,,,,,,,,
,,1,,,,,,,,,,,,,,,,,,,,,
,,1,,,,,,,,,,,,,,,,,,,,,
,,-,,,,,,,,,,,,,,,,,,,,,
,,20,,,,,,,,,,,,,,,,,,,,,
,,*,,,,,,,,,,,,,,,,,,,,,
,,*,,,,,,,,,,,,,,,,,,,,,
,,1,,,,,,,,,,,,,,,,,,,,,
,,1,,,,,,,,,,,,,,,,,,,,,
,,-,,,,,,,,,,,,,,,,,,,,,
,,1,,,,,,,,,,,,,,,,,,,,,
,,1,,,,,,,,,,,,,,,,,,,,,
,,-,,,,,,,,,,,,,,,,,,,,,
,,*,,,,,,,,,,,,,,,,,,,,,
,,J3 AXIS DRESS PLATE ASM.,,,,,,,,,,,,,,,,,,,,,
,,WO-6751-400,,,,,,,,,,,,,,,,,,,,,
,,-,,,,,,,,,,,,,,,,,,,,,
,,1,,,,,,,,,,,,,,,,,,,,,
,,1,,,,,,,,,,,,,,,,,,,,,
,,*,,,,,,,,,,,,,,,,,,,,,
,,1,,,,,,,,,,,,,,,,,,,,,
,,1,,,,,,,,,,,,,,,,,,,,,
,,5,,,,,,,,,,,,,,,,,,,,,
,,-,,,,,,,,,,,,,,,,,,,,,
,,6,,,,,,,,,,,,,,,,,,,,,
,,7,,,,,,,,,,,,,,,,,,,,,
,,1,,,,,,,,,,,,,,,,,,,,,
,,1,,,,,,,,,,,,,,,,,,,,,
,,AVR UNIT W/ CPx INPUT AUX SWITCHES,,,,,,,,,,,,,,,,,,,,,
,,WE-6751-441,,,,,,,,,,,,,,,,,,,,,
,,-,,,,,,,,,,,,,,,,,,,,,
,,*,,,,,,,,,,,,,,,,,,,,,
,,1,,,,,,,,,,,,,,,,,,,,,
,,1,,,,,,,,,,,,,,,,,,,,,
,,WE-6751-451,,,,,,,,,,,,,,,,,,,,,
,,-,,,,,,,,,,,,,,,,,,,,,
,,*,,,,,,,,,,,,,,,,,,,,,
,,TIP DRESS OPTION (KYOKUTOH),,,,,,,,,,,,,,,,,,,,,
,,*,,,,,,,,,,,,,,,,,,,,,
,,1,,,,,,,,,,,,,,,,,,,,,
,,1,,,,,,,,,,,,,,,,,,,,,
,,WE-6751-463,,,,,,,,,,,,,,,,,,,,,
,,8,,,,,,,,,,,,,,,,,,,,,
,,-,,,,,,,,,,,,,,,,,,,,,
,,9,,,,,,,,,,,,,,,,,,,,,
,,10,,,,,,,,,,,,,,,,,,,,,
,,1,,,,,,,,,,,,,,,,,,,,,
,,1,,,,,,,,,,,,,,,,,,,,,
,,-,,,,,,,,,,,,,,,,,,,,,
,,*,,,,,,,,,,,,,,,,,,,,,
,,1,,,,,,,,,,,,,,,,,,,,,
,,1,,,,,,,,,,,,,,,,,,,,,
,,WE-6751-481,,,,,,,,,,,,,,,,,,,,,
,,-,,,,,,,,,,,,,,,,,,,,,
,,*,,,,,,,,,,,,,,,,,,,,,
,,D-NET I/O SINGLE WATER SAVER,,,,,,,,,,,,,,,,,,,,,
,,DYNAMIC BRAKE & GUN CHANGE BOARD SCHEM,,,,,,,,,,,,,,,,,,,,,
,,11,,,,,,,,,,,,,,,,,,,,,
,,1,,,,,,,,,,,,,,,,,,,,,
,,1,,,,,,,,,,,,,,,,,,,,,
,,-,,,,,,,,,,,,,,,,,,,,,
,,*,,,,,,,,,,,,,,,,,,,,,
,,WO-6278-292,,,,,,,,,,,,,,,,,,,,,
,,WO-6278-280,,,,,,,,,,,,,,,,,,,,,
,,-,,,,,,,,,,,,,,,,,,,,,
,,1,,,,,,,,,,,,,,,,,,,,,
,,1,,,,,,,,,,,,,,,,,,,,,
,,WATER CIRCUIT DIAGRAM,,,,,,,,,,,,,,,,,,,,,
,,WA-6751-202,,,,,,,,,,,,,,,,,,,,,
,,WE-6751-402,,,,,,,,,,,,,,,,,,,,,
,,PROCESS I/O COMMUNICATION DNET(PLC),,,,,,,,,,,,,,,,,,,,,
,,WE-6751-411,,,,,,,,,,,,,,,,,,,,,
,,WE-6751-421,,,,,,,,,,,,,,,,,,,,,
,,SAFETY I/O (PILZ),,,,,,,,,,,,,,,,,,,,,
,,WE-6751-435,,,,,,,,,,,,,,,,,,,,,
,,WELD PRIM CABLE EXTENSION AT WELD GUN,,,,,,,,,,,,,,,,,,,,,
,,WE-6751-471,,,,,,,,,,,,,,,,,,,,,
,,R30iA CONTROLLER TYPE (MEZZ),,,,,,,,,,,,,,,,,,,,,
,,ROBOT LOCAL I/O DEVICENET-DUAL CH CARD,,,,,,,,,,,,,,,,,,,,,
,,WE-6751-501R2K,,,,,,,,,,,,,,,,,,,,,
,,SG1 CARRIED (R2000),,,,,,,,,,,,,,,,,,,,,
,,1,,,,,,,,,,,,,,,,,,,,,
,,1,,,,,,,,,,,,,,,,,,,,,
,,-,,,,,,,,,,,,,,,,,,,,,
,,FANUC #HONAS13R2K165FA,,,,,,,,,,,,,,,,,,,,,
,,LEONI #FRAHONAS13-R2K-165F-A,,,,,,,,,,,,,,,,,,,,,
,,(2) FR 8x12 Hose - Blue L= 5.25M,,,,,,,,,,,,,,,,,,,,,
,,(2) FR 8x12 Hose - Gray L= 5.25M,,,,,,,,,,,,,,,,,,,,,
,,B,,,,,,,,,,,,,,,,,,,,,
,,D,,,,,,,,,,,,,,,,,,,,,
,,C,,,,,,,,,,,,,,,,,,,,,
,,A,,,,,,,,,,,,,,,,,,,,,
,,ITEM,,,,,,,,,,,,,,,,,,,,,
,,SP,,,,,,,,,,,,,,,,,,,,,
,,QTY,,,,,,,,,,,,,,,,,,,,,
,,1,,,,,,,,,,,,,,,,,,,,,
,,DESCRIPTION,,,,,,,,,,,,,,,,,,,,,
,,LEONI-EPS DRESSOUT PACKAGE SPARE PARTS LIST,,,,,,,,,,,,,,,,,,,,,
,,PART NUMBER,,,,,,,,,,,,,,,,,,,,,
,,Corrugated Umbilical (5.25m),,,,,,,,,,,,,,,,,,,,,
,,2,,,,,,,,,,,,,,,,,,,,,
,,1,,,,,,,,,,,,,,,,,,,,,
,,1,,,,,,,,,,,,,,,,,,,,,
,,LEPS 1385,,,,,,,,,,,,,,,,,,,,,
,,Spacer,,,,,,,,,,,,,,,,,,,,,
,,NR380000022,,,,,,,,,,,,,,,,,,,,,
,,Swivel Plate,,,,,,,,,,,,,,,,,,,,,
,,B00761-00-18,,,,,,,,,,,,,,,,,,,,,
,,Clamp Bracket,,,,,,,,,,,,,,,,,,,,,
,,7.358.053.2001,,,,,,,,,,,,,,,,,,,,,
,,E,,,,,,,,,,,,,,,,,,,,,
,,1,,,,,,,,,,,,,,,,,,,,,
,,Corrugated Umbilical,,,,,,,,,,,,,,,,,,,,,
,,With Sub-Components,,,,,,,,,,,,,,,,,,,,,
,,Corrugated Umbilical Sub-Component List,,,,,,,,,,,,,,,,,,,,,
,,Leon 3.213.051M.3011B,,,,,,,,,,,,,,,,,,,,,
,,(3) 25mm² Ind. Cond. Cbl w/90º MS style ,,,,,,,,,,,,,,,,,,,,,
,,Leon 3.104.17.3074B,,,,,,,,,,,,,,,,,,,,,
,,(1) Servo Encoder Cable - w/ DDK connector,,,,,,,,,,,,,,,,,,,,,
,,Leon 3.121.17.3004B,,,,,,,,,,,,,,,,,,,,,
,,(1) Servo Motor Power Cable - w/ DDK,,,,,,,,,,,,,,,,,,,,,
,,connector,,,,,,,,,,,,,,,,,,,,,
,,Leoni# 3.548.047M.3005B,,,,,,,,,,,,,,,,,,,,,
,,(1) CHC2 Cable - w/ 4 Pin Micro connectors,,,,,,,,,,,,,,,,,,,,,
,,Brad Harrison,,,,,,,,,,,,,,,,,,,,,
,,(1) Transformer OT Cable - 5 Pin Micro,,,,,,,,,,,,,,,,,,,,,
,,connector,,,,,,,,,,,,,,,,,,,,,
,,FR 8X12 BL,,,,,,,,,,,,,,,,,,,,,
,,FR 8X12 GY,,,,,,,,,,,,,,,,,,,,,
,,#80203-M060,,,,,,,,,,,,,,,,,,,,,
,,style conn. at J3 & MS28-22 Str. conn. at J6,,,,,,,,,,,,,,,,,,,,,
,,B00796-09-XX ,,,,,,,,,,,,,,,,,,,,,
,,B00796-09-01 (Fanuc R2000iB 165F),,,,,,,,,,,,,,,,,,,,,
,,B00796-09-02 (Fanuc R2000iB 210F),,,,,,,,,,,,,,,,,,,,,
,,J4 Protection Ring,,,,,,,,,,,,,,,,,,,,,
,,FANUC# WE-6278-214-051,,,,,,,,,,,,,,,,,,,,,
,,FANUC# WE-6278-212-052,,,,,,,,,,,,,,,,,,,,,
,,FANUC# WE-6278-217-052,,,,,,,,,,,,,,,,,,,,,
,,FANUC# WE-6278-216-050,,,,,,,,,,,,,,,,,,,,,
,,B00761-00-18,,,,,,,,,,,,,,,,,,,,,
,,Single Bracket,,,,,,,,,,,,,,,,,,,,,
,,B00781-24 (x3) ** ,,,,,,,,,,,,,,,,,,,,,
,,Round Donut,,,,,,,,,,,,,,,,,,,,,
,,LEPS 2815 **,,,,,,,,,,,,,,,,,,,,,
,,Spring,,,,,,,,,,,,,,,,,,,,,
,,B00761-00-27,,,,,,,,,,,,,,,,,,,,,
,,J6 Trumpet,,,,,,,,,,,,,,,,,,,,,
,,NTKKSB-70B148 (x2),,,,,,,,,,,,,,,,,,,,,
,,J3 and J6 Star Separator,,,,,,,,,,,,,,,,,,,,,
,,HOSECLAMP 044,,,,,,,,,,,,,,,,,,,,,
,,J3 Hose Clamp,,,,,,,,,,,,,,,,,,,,,
,,B00781-34-A **,,,,,,,,,,,,,,,,,,,,,
,,Modified Trumpet,,,,,,,,,,,,,,,,,,,,,
,,B00763-12 **,,,,,,,,,,,,,,,,,,,,,
,,Double Trumpet,,,,,,,,,,,,,,,,,,,,,
,,B00761-00-98,,,,,,,,,,,,,,,,,,,,,
,,Half Shell,,,,,,,,,,,,,,,,,,,,,
,,M70BU ** ,,,,,,,,,,,,,,,,,,,,,
,,70mm Corrugated Tube,,,,,,,,,,,,,,,,,,,,,
,,M70BU-2815B-2.65M (**) ,,,,,,,,,,,,,,,,,,,,,
,,Pre-Assembled Corrugated (** incl. in Assy.) ,,,,,,,,,,,,,,,,,,,,,
,,B00795-00 ** ,,,,,,,,,,,,,,,,,,,,,
,,Ends Caps ,,,,,,,,,,,,,,,,,,,,,
,,J6 AXIS DRESSOUT BRKTS + ATC AIRGUN BRKT,,,,,,,,,,,,,,,,,,,,,
,,J6 AXIS REVERSE L BRKT,,,,,,,,,,,,,,,,,,,,,
,,DUAL REMOTE OP BOX STAND,,,,,,,,,,,,,,,,,,,,,
,,WO-5215-504,,,,,,,,,,,,,,,,,,,,,
,,18,,,,,,,,,,,,,,,,,,,,,
,,1,,,,,,,,,,,,,,,,,,,,,
,,1,,,,,,,,,,,,,,,,,,,,,
,,12,,,,,,,,,,,,,,,,,,,,,
,,1,,,,,,,,,,,,,,,,,,,,,
,,1001,,,,,,,,,,,,,,,,,,,,,
,,1,,,,,,,,,,,,,,,,,,,,,
,,13,,,,,,,,,,,,,,,,,,,,,
,,1,,,,,,,,,,,,,,,,,,,,,
,,17,,,,,,,,,,,,,,,,,,,,,
,,1,,,,,,,,,,,,,,,,,,,,,
,,15,,,,,,,,,,,,,,,,,,,,,
,,1,,,,,,,,,,,,,,,,,,,,,
,,14,,,,,,,,,,,,,,,,,,,,,
,,1,,,,,,,,,,,,,,,,,,,,,
,,19,,,,,,,,,,,,,,,,,,,,,
,,1,,,,,,,,,,,,,,,,,,,,,
,,16,,,,,,,,,,,,,,,,,,,,,
,,T1,,,,,,,,,,,,,,,,,,,,,
,,WO-6751-407,,,,,,,,,,,,,,,,,,,,,
,,INTEGRATED ROCON WATER SAVER,,,,,,,,,,,,,,,,,,,,,
,,ROBOT STENCIL DATA,,,,,,,,,,,,,,,,,,,,,
,,WO-6278-200,,,,,,,,,,,,,,,,,,,,,
,,*,,,,,,,,,,,,,,,,,,,,,
,,WELD CONTROLLER BRACKET,,,,,,,,,,,,,,,,,,,,,
,,WO-6278-500,,,,,,,,,,,,,,,,,,,,,
